Order ID,Order Date,Ship Date,Ship Mode,Customer Name,Segment,City,State,Category,Sub-Category,Sales,Quantity,Discount,Profit
IND-10000,2021-06-25,2021-06-28,Standard Class,Vivek Yadav,Corporate,Ahmedabad,Gujarat,Office Supplies,Binders,1535.72,4,0.3,292.37
IND-10001,2021-07-16,2021-07-18,Same Day,Ritu Gupta,Consumer,Kanpur,Uttar Pradesh,Furniture,Chairs,3502.72,6,0.3,200.7
IND-10002,2022-06-22,2022-06-26,Second Class,Kiran Verma,Home Office,Nashik,Maharashtra,Furniture,Chairs,2133.33,5,0.1,709.54
IND-10003,2022-05-18,2022-05-19,Second Class,Anjali Pandey,Consumer,,West Bengal,Furniture,Chairs,2679.61,5,0.3,645.03
IND-10004,2022-08-03,2022-08-06,Second Class,Vikas Chatterjee,Home Office,Bhopal,Madhya Pradesh,Technology,Copiers,470.83,8,0.4,23.05
IND-10005,2021-07-31,2021-08-03,Standard Class,Nitin Kumar,Corporate,Coimbatore,Tamil Nadu,Furniture,Chairs,4657.42,9,0.2,472.54
IND-10006,2022-09-08,2022-09-09,Same Day,Sneha Agarwal,Consumer,Indore,Madhya Pradesh,Office Supplies,Storage,3573.87,3,0.0,1230.51
IND-10007,2021-12-15,2021-12-19,First Class,Arjun Saxena,Corporate,Mangalore,Karnataka,FURNITURE,Chairs,2453.48,3,0.2,47.97
IND-10008,2021-07-05,2021-07-07,Standard Class,Arjun Pandey,Consumer,Udaipur,Rajasthan,Technology,Phones,752.57,7,0.1,202.52
IND-10009,2022-02-03,2022-02-04,Standard Class,Suresh Bansal,Home Office,Ahmedabad,Gujarat,Office Supplies,Storage,713.77,8,0.4,125.2
IND-10010,2022-06-20,2022-06-22,Same Day,Kiran Jain,Consumer,Surat,Gujarat,Technology,Copiers,459.57,4,0.4,67.0
IND-10011,2022-08-08,2022-08-09,Standard Class,Anjali Chatterjee,Home Office,Nagpur,Maharashtra,Office Supplies,Binders,740.72,9,0.3,-35.57
IND-10012,2021-12-12,2021-12-14,First Class,Amit Jain,Corporate,Udaipur,Rajasthan,Technology,Machines,4473.96,7,0.2,517.8
IND-10013,2022-01-02,2022-01-05,Standard Class,Manish Agarwal,Consumer,Mangalore,Karnataka,Furniture,Furnishings,1235.91,2,0.2,203.07
IND-10014,2022-07-09,2022-07-11,Standard Class,Rohit Jain,Corporate,Coimbatore,Tamil Nadu,OFFICE SUPPLIES,Storage,1289.73,8,0.3,102.54
IND-10015,2023-01-01,2023-01-02,First Class,Ritu Tiwari,Home Office,Indore,Madhya Pradesh,Furniture,Furnishings,1440.0,8,0.3,346.08
IND-10016,2021-06-17,2021-06-18,Second Class,Ankit Joshi,Home Office,Kolkata,West Bengal,Furniture,Chairs,3649.89,1,0.2,150.88
IND-10017,2021-03-10,2021-03-12,Second Class,Neha Agarwal,Consumer,Chennai,Tamil Nadu,Office Supplies,Labels,558.16,1,0.0,66.51
IND-10018,2022-03-09,2022-03-12,First Class,Ankit Kapoor,Home Office,Mysuru,Karnataka,Technology,Copiers,2500.57,2,0.2,435.67
IND-10019,2023-06-15,2023-06-17,Same Day,Priya Mishra,Consumer,Agra,Uttar Pradesh,TECHNOLOGY,Machines,2797.63,9,0.4,19.16
IND-10020,2022-01-27,2022-01-30,Standard Class,Manish Jain,Consumer,Udaipur,Rajasthan,Furniture,Tables,4620.12,6,0.0,702.45
IND-10021,2022-05-28,2022-05-31,Standard Class,Amit Chatterjee,Consumer,Nagpur,Maharashtra,Technology,Phones,550.38,3,0.3,132.13
IND-10022,2021-03-17,2021-03-21,Standard Class,Suresh Kumar,Home Office,Bhopal,Madhya Pradesh,Office Supplies,Labels,"1,798.52",5,0.1,514.54
IND-10023,2023-04-04,2023-04-07,First Class,Nitin Tiwari,Corporate,Kolkata,West Bengal,Technology,Copiers,2727.45,4,0.0,300.18
IND-10024,2021-09-08,2021-09-12,Same Day,Deepak Agarwal,Consumer,Mumbai,Maharashtra,Office Supplies,Storage,2337.51,1,0.2,563.9
IND-10025,2021-01-07,2021-01-08,First Class,Deepak Patel,Home Office,Bengaluru,Karnataka,Technology,Copiers,3018.5,3,0.4,-273.18
IND-10026,2023-02-27,2023-03-02,Second Class,Vivek Sharma,Home Office,Kanpur,Uttar Pradesh,Technology,Copiers,4276.68,4,0.2,1169.77
IND-10027,2022-03-21,2022-03-24,First Class,Rohit Tiwari,Consumer,New Delhi,Delhi,Technology,Copiers,3650.57,4,0.3,816.46
IND-10028,14/02/2021,2021-02-17,Second Class,Pooja Mishra,Home Office,Indore,Madhya Pradesh,Technology,Accessories,2759.62,7,0.4,-270.62
IND-10029,2022-12-05,2022-12-06,First Class,Amit Sharma,Corporate,Chennai,Tamil Nadu,Technology,Machines,565.22,6,0.0,113.54
IND-10030,2021-11-22,2021-11-23,Same Day,Sneha Tiwari,Consumer,Udaipur,Rajasthan,Furniture,Bookcases,1011.1,3,0.3,230.04
IND-10031,2023-04-05,2023-04-09,Second Class,Kavita Kumar,Corporate,Chennai,Tamil Nadu,Furniture,Furnishings,4781.29,5,0.2,58.43
IND-10032,2021-06-02,2021-06-06,Standard Class,Vikas Mishra,Home Office,Agra,Uttar Pradesh,Technology,Copiers,3985.04,2,0.0,1408.06
IND-10033,2021-07-03,2021-07-05,First Class,Suresh Mishra,Corporate,Coimbatore,Tamil Nadu,Furniture,Furnishings,"1,136.63",9,0.0,185.65
IND-10034,2021-04-23,2021-04-26,Second Class,Ankit Sharma,Consumer,Kolkata,West Bengal,Technology,Accessories,2417.26,2,0.2,200.7
IND-10035,03/02/2023,2023-02-04,First Class,Ankit Bansal,Home Office,Jaipur,Rajasthan,Technology,Machines,2970.1,3,0.3,219.97
IND-10036,2021-07-09,2021-07-10,Second Class,Ritu Kumar,Consumer,Bengaluru,Karnataka,Furniture,Chairs,4941.25,1,0.1,1280.86
IND-10037,2021-10-18,2021-10-21,Second Class,Kiran Chauhan,Corporate,Noida,Uttar Pradesh,Furniture,Bookcases,1929.85,4,0.4,-187.67
IND-10038,2021-11-09,2021-11-10,First Class,Sunita Chatterjee,Home Office,Indore,Madhya Pradesh,Furniture,Chairs,1344.2,9,0.2,215.93
IND-10039,2021-07-21,2021-07-22,Standard Class,Sunita Patel,Home Office,Kolkata,West Bengal,Technology,Accessories,3990.82,2,0.2,225.23
IND-10040,2022-04-08,2022-04-09,Same Day,Nitin Yadav,Home Office,Kanpur,Uttar Pradesh,Furniture,Tables,673.22,4,0.1,152.84
IND-10041,2022-07-05,2022-07-08,Standard Class,Vivek Verma,Consumer,Noida,Uttar Pradesh,Technology,Machines,552.47,6,0.3,-19.3
IND-10042,2023-02-12,2023-02-15,Same Day,Vivek Sharma,Consumer,Coimbatore,Tamil Nadu,Furniture,Chairs,4069.21,6,0.2,1077.33
IND-10043,2022-05-10,2022-05-12,First Class,Sunita Kapoor,Home Office,Udaipur,Rajasthan,Technology,Accessories,3367.99,1,0.2,338.23
IND-10044,2021-05-18,2021-05-19,Second Class,Sunita Singh,Corporate,Jaipur,Rajasthan,Technology,Copiers,706.54,6,0.4,23.26
IND-10045,2023-05-06,2023-05-09,Standard Class,Pooja Pandey,Consumer,Nashik,Maharashtra,Office Supplies,Art,3192.89,7,0.4,-243.71
IND-10046,2022-04-29,2022-05-02,Second Class,Sneha Singh,Corporate,Madurai,  tamil nadu  ,Office Supplies,Binders,2430.94,8,0.1,224.27
IND-10047,2021-07-15,2021-07-19,Same Day,Deepak Patel,Home Office,Mysuru,Karnataka,Furniture,Chairs,2187.34,3,0.0,862.99
IND-10048,2021-03-14,2021-03-16,Same Day,Kavita Pandey,Consumer,Chennai,Tamil Nadu,Technology,Machines,951.52,1,0.3,41.98
IND-10049,2023-05-02,2023-05-06,Standard Class,Kavita Bansal,Corporate,Surat,  gujarat  ,Furniture,Bookcases,3010.67,2,0.4,567.67
IND-10050,2021-09-15,2021-09-18,First Class,Arjun Gupta,Consumer,Jaipur,Rajasthan,Office Supplies,Art,1248.79,9,0.1,189.24
IND-10051,2022-12-06,2022-12-09,First Class,Rahul Patel,Corporate,Chennai,Tamil Nadu,Furniture,Bookcases,1904.59,2,0.2,403.23
IND-10052,2022-02-05,2022-02-06,Same Day,Ankit Bansal,Home Office,Mysuru,Karnataka,Technology,Copiers,3864.04,8,0.3,312.66
IND-10053,2022-01-10,2022-01-11,Standard Class,Rohit Pandey,Consumer,Udaipur,Rajasthan,Furniture,Bookcases,1048.78,9,0.4,80.49
IND-10054,2021-12-16,2021-12-20,First Class,Suresh Iyer,Consumer,New Delhi,Delhi,Technology,Phones,1933.78,6,0.0,570.44
IND-10055,2022-08-28,2022-09-01,Standard Class,Kavita Bansal,Corporate,Nagpur,Maharashtra,Furniture,Furnishings,1719.86,8,0.1,203.6
IND-10056,2023-02-04,2023-02-08,Standard Class,Rohit Mehta,Consumer,New Delhi,Delhi,Furniture,Tables,1034.4,5,0.2,115.68
IND-10057,2022-08-07,2022-08-11,Second Class,Anjali Jain,Home Office,Bengaluru,Karnataka,Office Supplies,Art,4161.14,4,0.1,1084.78
IND-10058,2021-10-07,2021-10-11,First Class,Rahul Sharma,Consumer,Mysuru,Karnataka,Office Supplies,Binders,3007.57,5,0.0,1038.98
IND-10059,2022-06-07,2022-06-10,Second Class,Sunita Yadav,Home Office,Bhopal,Madhya Pradesh,Technology,Machines,3707.0,5,0.2,64.49
IND-10060,2023-01-16,2023-01-18,First Class,Manish Joshi,Corporate,Howrah,West Bengal,Technology,Machines,4198.79,4,0.3,640.28
IND-10061,2023-03-15,2023-03-19,Same Day,Sneha Verma,Consumer,Madurai,Tamil Nadu,Technology,Accessories,3342.2,4,0.0,1229.51
IND-10062,25/03/2022,2022-03-28,Same Day,Rohit Verma,Consumer,Lucknow,Uttar Pradesh,Technology,Copiers,3705.89,2,0.3,644.28
IND-10063,2021-11-14,2021-11-16,First Class,Rahul Jain,Consumer,Howrah,West Bengal,Technology,Accessories,"1,478.30",9,0.2,152.76
IND-10064,2022-01-27,2022-01-31,First Class,Sneha Chauhan,Home Office,Mysuru,Karnataka,Office Supplies,Binders,4260.51,5,0.3,51.86
IND-10065,2021-06-01,2021-06-03,Second Class,Sneha Patel,Consumer,,Gujarat,Furniture,Bookcases,789.74,2,0.3,89.15
IND-10066,2021-04-03,2021-04-06,First Class,Arjun Kumar,Consumer,Surat,Gujarat,Furniture,Furnishings,4876.09,1,0.1,1173.83
IND-10067,2023-01-30,2023-02-02,Standard Class,Ankit Mishra,Home Office,Bhopal,Madhya Pradesh,Furniture,Bookcases,1214.61,7,0.0,176.13
IND-10068,13/08/2021,2021-08-16,First Class,Pooja Gupta,Home Office,Agra,Uttar Pradesh,Furniture,Bookcases,3896.73,1,0.3,118.42
IND-10069,2022-10-24,2022-10-27,First Class,Deepak Singh,Corporate,Bhopal,Madhya Pradesh,Technology,Machines,2782.81,8,0.0,424.48
IND-10070,2021-12-23,2021-12-24,Second Class,Arjun Kapoor,Home Office,Bengaluru,Karnataka,Technology,Machines,3285.02,4,0.3,540.52
IND-10071,2022-04-27,2022-04-28,Standard Class,Ankit Tiwari,Consumer,Kanpur,Uttar Pradesh,Furniture,Chairs,2713.06,6,0.4,-186.44
IND-10072,2022-08-03,2022-08-04,Standard Class,Vivek Joshi,Corporate,Howrah,West Bengal,Technology,Phones,1183.91,8,0.3,206.18
IND-10073,2023-06-11,2023-06-13,Standard Class,Arjun Gupta,Home Office,New Delhi,Delhi,Office Supplies,Binders,3885.18,9,0.2,458.88
IND-10074,2021-08-08,2021-08-11,Second Class,Manish Joshi,Home Office,Udaipur,Rajasthan,Furniture,Bookcases,716.9,6,0.1,94.73
IND-10075,2022-04-27,2022-04-30,Same Day,Anjali Verma,Home Office,Udaipur,Rajasthan,Office Supplies,Binders,453.44,1,0.2,51.3
IND-10076,2021-01-20,2021-01-21,First Class,Neha Agarwal,Home Office,Chennai,Tamil Nadu,Technology,Accessories,1517.65,3,0.4,-95.03
IND-10077,2022-06-01,2022-06-04,Same Day,,Home Office,Bengaluru,Karnataka,Office Supplies,Binders,4499.51,1,0.0,1728.72
IND-10078,2023-02-27,2023-03-01,First Class,Sunita Jain,Corporate,Madurai,Tamil Nadu,Office Supplies,Art,1740.01,7,0.0,379.1
IND-10079,2021-02-03,2021-02-06,Same Day,Amit Agarwal,Corporate,Pune,Maharashtra,Office Supplies,Binders,1175.96,8,0.2,252.98
IND-10080,2021-05-04,2021-05-06,Second Class,Manish Gupta,Home Office,Nashik,Maharashtra,Office Supplies,Storage,2625.77,4,N/A,707.34
IND-10081,2021-10-14,2021-10-17,First Class,Ankit Iyer,Home Office,Pune,Maharashtra,Technology,Copiers,339.74,4,0.1,57.66
IND-10082,2022-11-29,2022-12-02,Second Class,Deepak Saxena,Corporate,Indore,Madhya Pradesh,Furniture,Bookcases,3634.89,7,0.2,150.99
IND-10083,2023-01-12,2023-01-16,Same Day,Priya Agarwal,Home Office,Kanpur,Uttar Pradesh,Furniture,Furnishings,4112.54,2,0.4,787.7
IND-10084,2023-04-22,2023-04-24,First Class,Vikas Chauhan,Consumer,Mysuru,Karnataka,OFFICE SUPPLIES,Storage,1471.17,7,0.4,242.37
IND-10085,2023-06-15,2023-06-16,Second Class,Amit Agarwal,Corporate,Surat,Gujarat,OFFICE SUPPLIES,Binders,1444.88,2,0.2,69.28
IND-10086,2022-02-20,2022-02-22,Standard Class,Sneha Pandey,Corporate,Ahmedabad,Gujarat,Office Supplies,Storage,4056.8,9,0.0,1375.18
IND-10087,2021-05-11,2021-05-15,First Class,Ankit Joshi,Corporate,Noida,  uttar pradesh  ,Furniture,Chairs,3702.73,5,0.0,1166.55
IND-10088,2021-03-25,2021-03-27,Same Day,Amit Mishra,Home Office,Howrah,West Bengal,Furniture,Bookcases,1056.95,4,0.0,164.45
IND-10089,2022-02-07,2022-02-09,Standard Class,Ritu Jain,Home Office,Bhopal,Madhya Pradesh,Technology,Phones,1966.55,9,0.2,310.84
IND-10090,2021-01-22,2021-01-23,Standard Class,Vivek Singh,Consumer,Mangalore,Karnataka,Office Supplies,Storage,2039.69,2,0.0,547.85
IND-10091,2022-09-24,2022-09-27,First Class,Neha Mehta,Corporate,Udaipur,Rajasthan,OFFICE SUPPLIES,Art,3692.29,7,0.2,131.82
IND-10092,2022-08-03,2022-08-04,Same Day,Vikas Patel,Home Office,Coimbatore,Tamil Nadu,Office Supplies,Labels,290.74,1,0.2,79.02
IND-10093,2021-07-23,2021-07-26,Second Class,Sunita Chauhan,Corporate,Bengaluru,  karnataka  ,Furniture,Furnishings,1275.94,9,0.4,-121.03
IND-10094,2021-02-17,2021-02-19,Second Class,Suresh Patel,Corporate,Kolkata,West Bengal,Technology,Accessories,3532.68,4,0.0,729.12
IND-10095,2023-02-24,2023-02-26,First Class,Neha Chatterjee,Consumer,Bhopal,Madhya Pradesh,Office Supplies,Paper,4258.31,6,0.3,938.75
IND-10096,2022-06-09,2022-06-11,Second Class,Priya Mehta,Corporate,Agra,  uttar pradesh  ,Office Supplies,Storage,3435.35,3,0.1,333.13
IND-10097,2021-12-16,2021-12-17,First Class,Ankit Kapoor,Home Office,Agra,Uttar Pradesh,Office Supplies,Labels,2493.77,1,0.3,420.23
IND-10098,2021-04-18,2021-04-22,Same Day,Priya Jain,Corporate,Chennai,Tamil Nadu,Office Supplies,Paper,2027.65,7,0.3,366.79
IND-10099,2023-01-16,2023-01-18,Same Day,Deepak Chatterjee,Corporate,New Delhi,Delhi,Furniture,Chairs,3617.85,3,0.4,1.4
IND-10100,2022-01-29,2022-02-02,Same Day,Sunita Joshi,Consumer,Lucknow,Uttar Pradesh,Office Supplies,Labels,1336.3,7,0.1,276.9
IND-10101,25/04/2023,2023-04-27,Same Day,Suresh Bansal,Consumer,Chennai,  tamil nadu  ,Furniture,Chairs,3394.82,6,0.1,1129.37
IND-10102,2023-04-16,2023-04-18,First Class,Ankit Mehta,Home Office,Kanpur,Uttar Pradesh,Furniture,Chairs,1657.51,4,0.3,179.04
IND-10103,2022-09-15,2022-09-18,First Class,Arjun Chatterjee,Consumer,Kolkata,West Bengal,Furniture,Chairs,3217.45,7,0.1,267.77
IND-10104,2022-10-17,2022-10-19,Standard Class,,Corporate,Howrah,West Bengal,Furniture,Chairs,1104.64,2,0.0,230.1
IND-10105,2022-09-29,2022-10-02,Same Day,Arjun Joshi,Home Office,New Delhi,Delhi,Technology,Accessories,4443.32,4,0.0,963.57
IND-10106,2021-10-04,2021-10-06,Standard Class,Amit Kumar,Corporate,Chennai,Tamil Nadu,Office Supplies,Art,2220.64,8,0.3,493.68
IND-10107,2021-11-06,2021-11-08,Same Day,Sneha Joshi,Corporate,Kolkata,West Bengal,Office Supplies,Paper,2588.77,9,0.4,104.6
IND-10108,2023-04-08,2023-04-09,First Class,Priya Kumar,Consumer,Noida,Uttar Pradesh,Technology,Machines,2717.67,7,0.4,431.48
IND-10109,2021-02-05,2021-02-06,Second Class,Anjali Kumar,Consumer,New Delhi,Delhi,Furniture,Furnishings,3268.1,7,N/A,163.82
IND-10110,2023-03-28,2023-04-01,Standard Class,Nitin Saxena,Home Office,Jaipur,Rajasthan,Office Supplies,Art,998.76,1,0.2,65.91
IND-10111,2021-09-18,2021-09-20,Standard Class,Nitin Singh,Corporate,Bengaluru,  karnataka  ,Office Supplies,Storage,3441.46,8,0.3,16.47
IND-10112,2023-03-23,2023-03-26,Same Day,Rahul Verma,Consumer,Kanpur,Uttar Pradesh,Furniture,Tables,2063.62,6,0.3,355.73
IND-10113,2022-04-02,2022-04-05,Standard Class,Suresh Patel,Corporate,Howrah,West Bengal,Technology,Copiers,3959.86,1,0.4,462.21
IND-10114,2022-04-20,2022-04-23,Standard Class,Anjali Mishra,Corporate,Chennai,Tamil Nadu,Technology,Machines,2014.22,3,0.4,306.47
IND-10115,2023-02-02,2023-02-04,Standard Class,Suresh Mehta,Consumer,Surat,Gujarat,Furniture,Chairs,"3,447.30",3,0.0,619.19
IND-10116,2022-07-21,2022-07-24,Same Day,Sneha Agarwal,Corporate,Surat,Gujarat,Furniture,Tables,3793.92,3,0.1,1160.45
IND-10117,2022-07-10,2022-07-11,Second Class,Sneha Bansal,Corporate,Mumbai,Maharashtra,Technology,Machines,2530.87,5,0.2,327.02
IND-10118,2021-08-04,2021-08-06,Standard Class,Ritu Joshi,Home Office,Coimbatore,Tamil Nadu,Office Supplies,Storage,2111.36,5,0.2,533.89
IND-10119,2022-03-11,2022-03-14,Same Day,Suresh Verma,Corporate,Kolkata,West Bengal,Office Supplies,Binders,2227.64,8,0.0,262.36
IND-10120,2021-02-09,2021-02-12,First Class,Neha Chauhan,Home Office,Madurai,Tamil Nadu,Furniture,Bookcases,2436.62,4,0.0,378.89
IND-10121,2021-05-12,2021-05-16,First Class,Anjali Sharma,Home Office,Noida,Uttar Pradesh,Technology,Copiers,1261.29,3,0.4,232.18
IND-10122,2022-02-18,2022-02-22,Same Day,Sunita Mishra,Corporate,Mumbai,Maharashtra,Furniture,Chairs,2298.59,8,0.3,461.02
IND-10123,2022-04-06,2022-04-07,Second Class,Amit Agarwal,Home Office,Howrah,West Bengal,Furniture,Furnishings,3548.89,1,0.2,829.25
IND-10124,2023-04-28,2023-04-29,First Class,Sunita Tiwari,Home Office,Mangalore,Karnataka,Furniture,Bookcases,3489.37,3,0.1,678.1
IND-10125,2023-03-09,2023-03-13,Second Class,Ritu Gupta,Home Office,Pune,Maharashtra,Office Supplies,Paper,3312.27,8,0.2,931.34
IND-10126,2022-10-11,2022-10-15,Second Class,Ritu Yadav,Consumer,Agra,Uttar Pradesh,Technology,Copiers,965.41,5,0.2,101.08
IND-10127,2022-07-21,2022-07-22,Same Day,Deepak Jain,Consumer,New Delhi,Delhi,Furniture,Chairs,2667.5,4,0.4,494.84
IND-10128,2022-11-10,2022-11-12,Second Class,Vivek Yadav,Corporate,Chennai,Tamil Nadu,Office Supplies,Storage,4708.46,1,0.1,844.91
IND-10129,2022-01-09,2022-01-13,First Class,Neha Mehta,Consumer,New Delhi,Delhi,Technology,Copiers,3299.15,1,0.3,-130.92
IND-10130,2022-12-12,2022-12-15,Second Class,Ankit Agarwal,Home Office,Jaipur,  rajasthan  ,Furniture,Tables,3740.59,2,0.3,675.04
IND-10131,2022-10-24,2022-10-27,First Class,Pooja Kapoor,Home Office,Coimbatore,Tamil Nadu,Furniture,Furnishings,3579.12,8,0.1,1046.88
IND-10132,2021-02-14,2021-02-16,Standard Class,Vikas Sharma,Corporate,Madurai,Tamil Nadu,Furniture,Furnishings,1669.06,4,0.0,484.88
IND-10133,2022-10-10,2022-10-11,First Class,Pooja Yadav,Consumer,Coimbatore,Tamil Nadu,Office Supplies,Binders,936.62,6,0.0,195.3
IND-10134,2022-12-23,2022-12-24,Standard Class,Sneha Kapoor,Consumer,Madurai,Tamil Nadu,Technology,Accessories,2719.72,4,0.4,-73.1
IND-10135,2022-05-11,2022-05-13,Standard Class,Nitin Iyer,Corporate,Udaipur,  rajasthan  ,Technology,Phones,1414.54,7,0.3,319.32
IND-10136,2021-07-17,2021-07-19,Second Class,Rahul Kumar,Corporate,Chennai,Tamil Nadu,Office Supplies,Art,4558.59,7,0.3,222.96
IND-10137,2021-04-11,2021-04-14,Same Day,Sneha Patel,Home Office,Kanpur,Uttar Pradesh,Furniture,Bookcases,3593.27,8,0.2,474.65
IND-10138,2021-06-30,2021-07-02,Same Day,Vivek Saxena,Consumer,New Delhi,Delhi,Furniture,Chairs,4329.06,8,0.4,-116.03
IND-10139,2021-06-19,2021-06-20,Second Class,Vivek Gupta,Home Office,Kolkata,West Bengal,Office Supplies,Labels,4641.56,4,0.2,736.49
IND-10140,2021-01-30,2021-02-02,Same Day,Anjali Agarwal,Corporate,Mysuru,Karnataka,Technology,Copiers,4547.87,1,0.0,1484.7
IND-10141,2021-10-10,2021-10-12,Same Day,Ritu Sharma,Corporate,Noida,Uttar Pradesh,Technology,Copiers,1046.87,6,0.1,69.84
IND-10142,2023-04-13,2023-04-16,Second Class,Amit Pandey,Consumer,Coimbatore,Tamil Nadu,Technology,Machines,1194.64,9,0.0,194.67
IND-10143,2023-02-04,2023-02-07,First Class,Sunita Patel,Consumer,Kolkata,West Bengal,Furniture,Furnishings,2786.72,3,0.2,251.54
IND-10144,2021-07-10,2021-07-14,Same Day,Suresh Chatterjee,Home Office,Lucknow,Uttar Pradesh,Technology,Accessories,767.42,9,0.0,157.1
IND-10145,2022-12-28,2022-12-30,Second Class,Sneha Agarwal,Consumer,,Gujarat,Technology,Accessories,3362.42,7,0.4,-169.58
IND-10146,2023-01-09,2023-01-13,Same Day,Deepak Kumar,Corporate,Bhopal,Madhya Pradesh,Furniture,Chairs,4837.86,1,0.1,1667.01
IND-10147,2021-01-13,2021-01-15,Standard Class,Nitin Mishra,Consumer,Bengaluru,Karnataka,Office Supplies,Art,1449.17,7,0.4,-55.74
IND-10148,2022-10-09,2022-10-12,Second Class,Deepak Patel,Home Office,Mangalore,Karnataka,Furniture,Furnishings,4826.5,6,0.1,795.98
IND-10149,2022-05-04,2022-05-06,Second Class,Priya Tiwari,Consumer,Chennai,Tamil Nadu,OFFICE SUPPLIES,Labels,1303.77,3,0.2,7.9
IND-10150,2022-03-20,2022-03-22,Standard Class,Vivek Verma,Home Office,Bengaluru,Karnataka,Technology,Accessories,684.82,8,0.2,129.66
IND-10151,2021-04-17,2021-04-19,Same Day,Vivek Agarwal,Home Office,Ahmedabad,Gujarat,Office Supplies,Labels,2870.2,4,0.4,100.12
IND-10152,2022-09-15,2022-09-19,Same Day,Priya Tiwari,Corporate,Howrah,West Bengal,Technology,Accessories,3922.63,5,0.3,427.49
IND-10153,2023-06-04,2023-06-08,Standard Class,Nitin Saxena,Corporate,Indore,Madhya Pradesh,Furniture,Chairs,636.33,7,0.2,147.15
IND-10154,2022-05-13,2022-05-16,Second Class,Deepak Mishra,Consumer,Coimbatore,Tamil Nadu,Technology,Machines,2015.88,4,0.3,412.05
IND-10155,2021-12-16,2021-12-17,First Class,Suresh Jain,Home Office,Pune,Maharashtra,Office Supplies,Storage,1811.64,5,0.1,496.74
IND-10156,2022-05-02,2022-05-03,Standard Class,Kavita Kapoor,Consumer,Bhopal,Madhya Pradesh,Furniture,Tables,4468.83,3,0.2,236.07
IND-10157,2021-08-23,2021-08-25,Standard Class,Suresh Iyer,Home Office,Agra,Uttar Pradesh,Technology,Accessories,594.63,2,0.1,78.38
IND-10158,2022-06-14,2022-06-15,First Class,Rohit Joshi,Consumer,Pune,Maharashtra,Furniture,Furnishings,2213.51,7,0.0,505.84
IND-10159,2021-01-06,2021-01-09,First Class,Nitin Mehta,Corporate,Vadodara,Gujarat,Office Supplies,Paper,3771.18,2,0.2,1041.49
IND-10160,2023-04-28,2023-05-01,Second Class,Kiran Mehta,Home Office,,Karnataka,Technology,Machines,4085.4,2,0.2,1062.31
IND-10161,2021-02-19,2021-02-21,Standard Class,Manish Patel,Corporate,Bhopal,Madhya Pradesh,Office Supplies,Art,993.86,1,0.4,57.86
IND-10162,2022-03-15,2022-03-18,Same Day,Rohit Mehta,Consumer,Mangalore,Karnataka,OFFICE SUPPLIES,Art,3871.57,3,0.0,1212.91
IND-10163,2021-11-29,2021-12-01,Same Day,Vivek Kapoor,Home Office,Bhopal,Madhya Pradesh,Technology,Copiers,2771.19,1,0.0,391.72
IND-10164,2022-09-10,2022-09-13,First Class,Neha Mishra,Corporate,Nagpur,Maharashtra,Technology,Machines,1840.78,5,0.1,343.67
IND-10165,2021-07-02,2021-07-04,Same Day,Pooja Patel,Home Office,Mysuru,Karnataka,OFFICE SUPPLIES,Binders,4539.9,2,0.0,659.39
IND-10166,2022-11-19,2022-11-20,First Class,Kiran Chauhan,Home Office,Noida,Uttar Pradesh,Technology,Copiers,1983.32,4,0.0,600.79
IND-10167,2022-02-26,2022-02-28,First Class,Nitin Pandey,Corporate,Lucknow,  uttar pradesh  ,Furniture,Tables,2894.53,6,0.1,910.62
IND-10168,2022-08-23,2022-08-27,Same Day,Pooja Iyer,Home Office,Indore,Madhya Pradesh,Furniture,Tables,2502.52,6,0.0,369.32
IND-10169,2022-10-24,2022-10-26,First Class,Anjali Yadav,Home Office,Lucknow,Uttar Pradesh,Furniture,Chairs,1096.78,4,0.1,179.95
IND-10170,2021-09-18,2021-09-19,First Class,Kiran Singh,Consumer,Vadodara,Gujarat,Furniture,Furnishings,2901.38,5,0.0,602.78
IND-10171,2022-04-21,2022-04-22,Second Class,Amit Joshi,Home Office,Vadodara,Gujarat,OFFICE SUPPLIES,Paper,1591.99,9,0.4,211.97
IND-10172,2022-08-12,2022-08-16,Second Class,Neha Mishra,Corporate,Mysuru,Karnataka,Furniture,Chairs,1473.84,6,0.4,146.63
IND-10173,2021-08-22,2021-08-26,Same Day,Nitin Kapoor,Home Office,Lucknow,Uttar Pradesh,Technology,Copiers,4109.05,5,0.3,813.61
IND-10174,2021-11-28,2021-11-29,Standard Class,Rahul Bansal,Consumer,Jaipur,Rajasthan,Furniture,Chairs,2649.61,4,0.1,871.19
IND-10175,2023-02-14,2023-02-18,Standard Class,Vikas Sharma,Home Office,Kolkata,West Bengal,Furniture,Tables,3621.95,7,0.1,632.52
IND-10176,2023-06-08,2023-06-09,Second Class,Arjun Iyer,Home Office,Bhopal,Madhya Pradesh,FURNITURE,Furnishings,4859.63,4,0.4,108.96
IND-10177,2021-08-14,2021-08-16,First Class,Suresh Agarwal,Home Office,Indore,Madhya Pradesh,Technology,Accessories,"2,064.00",2,0.4,384.42
IND-10178,2022-04-15,2022-04-19,Same Day,Ritu Jain,Consumer,Agra,Uttar Pradesh,Technology,Phones,3295.51,3,0.4,166.24
IND-10179,2021-03-27,2021-03-30,First Class,Pooja Verma,Consumer,Jaipur,Rajasthan,Furniture,Chairs,2381.08,4,N/A,374.19
IND-10180,2022-11-02,2022-11-06,Standard Class,Neha Bansal,Home Office,Vadodara,Gujarat,Technology,Copiers,4683.67,3,0.2,209.37
IND-10181,2023-05-26,2023-05-30,Standard Class,Arjun Sharma,Consumer,Howrah,West Bengal,Office Supplies,Paper,688.21,4,0.3,5.26
IND-10182,2022-04-22,2022-04-24,Second Class,Kavita Kumar,Corporate,New Delhi,  delhi  ,Technology,Accessories,3327.86,5,0.3,-53.73
IND-10183,2023-04-05,2023-04-08,Same Day,Deepak Kapoor,Home Office,Vadodara,Gujarat,Furniture,Furnishings,3382.82,2,0.3,500.17
IND-10184,2023-03-31,2023-04-03,First Class,Manish Mishra,Home Office,Lucknow,Uttar Pradesh,OFFICE SUPPLIES,Paper,2484.97,6,0.0,700.7
IND-10185,2021-09-05,2021-09-07,Standard Class,Vikas Yadav,Home Office,Pune,Maharashtra,Furniture,Chairs,4042.42,6,0.4,-252.25
IND-10186,2021-07-03,2021-07-06,Standard Class,Rahul Singh,Home Office,Mysuru,Karnataka,Furniture,Chairs,237.84,5,0.3,0.14
IND-10187,2022-09-26,2022-09-27,Standard Class,Kiran Tiwari,Consumer,Lucknow,Uttar Pradesh,Technology,Phones,2632.66,6,0.0,739.08
IND-10188,2021-03-18,2021-03-19,Standard Class,Pooja Kumar,Consumer,Bhopal,Madhya Pradesh,Technology,Machines,4476.13,1,0.3,266.22
IND-10189,2023-05-28,2023-05-31,First Class,Deepak Yadav,Consumer,Mumbai,Maharashtra,Furniture,Chairs,3912.73,9,0.4,146.42
IND-10190,2022-12-13,2022-12-16,First Class,Ritu Mehta,Consumer,Pune,Maharashtra,Office Supplies,Art,4443.97,1,0.3,254.22
IND-10191,27/03/2021,2021-03-30,First Class,Kavita Iyer,Home Office,Surat,Gujarat,Office Supplies,Binders,3795.67,6,0.1,516.86
IND-10192,2022-11-30,2022-12-01,Same Day,Amit Pandey,Home Office,Udaipur,Rajasthan,Technology,Phones,3696.63,1,0.1,1009.58
IND-10193,2023-03-21,2023-03-25,Second Class,Suresh Chatterjee,Corporate,Nagpur,Maharashtra,Office Supplies,Binders,1386.34,1,0.3,-35.04
IND-10194,2021-08-19,2021-08-20,First Class,Rahul Sharma,Corporate,Mysuru,Karnataka,Furniture,Tables,4499.94,8,0.4,239.42
IND-10195,2023-03-23,2023-03-24,Same Day,Kiran Tiwari,Home Office,Jaipur,Rajasthan,Office Supplies,Paper,4273.75,5,0.2,599.24
IND-10196,2021-11-12,2021-11-16,Second Class,Deepak Patel,Consumer,New Delhi,Delhi,Office Supplies,Paper,3195.18,1,0.0,403.98
IND-10197,2023-05-01,2023-05-05,First Class,Sneha Yadav,Corporate,Nashik,Maharashtra,TECHNOLOGY,Phones,1975.7,7,0.2,201.64
IND-10198,2022-07-30,2022-08-03,First Class,Manish Agarwal,Corporate,Kolkata,West Bengal,Office Supplies,Binders,2916.03,9,0.1,802.47
IND-10199,2022-02-05,2022-02-07,Same Day,Ankit Bansal,Home Office,Kolkata,West Bengal,Office Supplies,Paper,3558.12,8,0.2,29.45
IND-10200,2021-02-05,2021-02-08,Second Class,Sunita Bansal,Home Office,Noida,Uttar Pradesh,Technology,Copiers,2586.19,9,0.4,267.53
IND-10201,2022-08-13,2022-08-16,First Class,Kiran Joshi,Consumer,Ahmedabad,Gujarat,Office Supplies,Storage,3744.06,8,0.1,1124.15
IND-10202,16/10/2021,2021-10-19,Second Class,Neha Agarwal,Home Office,Surat,Gujarat,TECHNOLOGY,Accessories,3411.97,1,0.0,681.22
IND-10203,2022-09-22,2022-09-26,First Class,Nitin Kapoor,Corporate,Mangalore,Karnataka,Furniture,Tables,2223.07,3,0.1,363.61
IND-10204,2022-12-29,2023-01-02,First Class,Vikas Patel,Home Office,Bengaluru,Karnataka,Office Supplies,Paper,1317.67,2,0.2,374.24
IND-10205,2021-06-11,2021-06-12,Second Class,Anjali Agarwal,Corporate,Pune,Maharashtra,Office Supplies,Paper,4682.62,2,0.1,597.1
IND-10206,2021-02-15,2021-02-16,First Class,Manish Mishra,Corporate,New Delhi,  delhi  ,Furniture,Chairs,2939.05,1,0.1,543.0
IND-10207,2022-09-21,2022-09-25,Second Class,Arjun Agarwal,Corporate,Lucknow,Uttar Pradesh,Office Supplies,Storage,2894.46,8,N/A,346.02
IND-10208,2022-04-21,2022-04-23,Same Day,Amit Joshi,Corporate,Kanpur,Uttar Pradesh,Office Supplies,Labels,4655.57,7,0.4,-164.26
IND-10209,2022-02-03,2022-02-07,Second Class,Vikas Jain,Corporate,Kolkata,West Bengal,Technology,Accessories,2014.32,6,0.1,346.03
IND-10210,2021-02-15,2021-02-18,Same Day,Pooja Mishra,Home Office,Surat,Gujarat,Technology,Phones,4242.26,2,0.1,1329.8
IND-10211,2023-05-24,2023-05-25,Same Day,Amit Iyer,Corporate,Mysuru,Karnataka,Office Supplies,Storage,3049.0,2,0.4,432.92
IND-10212,2021-02-12,2021-02-15,Standard Class,Priya Saxena,Consumer,Bhopal,Madhya Pradesh,Technology,Copiers,1444.0,5,0.3,302.5
IND-10213,2023-05-15,2023-05-18,Second Class,,Corporate,Noida,Uttar Pradesh,Technology,Accessories,4517.3,4,0.4,-13.6
IND-10214,2021-10-18,2021-10-22,Same Day,,Home Office,Nashik,Maharashtra,Technology,Accessories,4996.78,3,0.2,753.91
IND-10215,06/04/2021,2021-04-10,Same Day,Manish Patel,Corporate,Vadodara,Gujarat,Office Supplies,Storage,2718.25,3,0.3,-94.94
IND-10216,2023-05-31,2023-06-04,Standard Class,Neha Mehta,Corporate,Bhopal,Madhya Pradesh,Technology,Copiers,4798.22,9,0.4,-272.05
IND-10217,2021-07-03,2021-07-06,Same Day,Ritu Tiwari,Home Office,Kolkata,West Bengal,Furniture,Chairs,"3,470.46",8,N/A,700.51
IND-10218,2021-08-19,2021-08-21,Same Day,Arjun Joshi,Corporate,New Delhi,Delhi,Furniture,Bookcases,1747.47,9,0.3,196.64
IND-10219,2021-09-23,2021-09-25,Standard Class,Manish Saxena,Home Office,Jaipur,Rajasthan,Furniture,Tables,3826.03,3,0.1,813.81
IND-10220,2021-09-27,2021-09-28,Same Day,Sunita Agarwal,Home Office,Bhopal,Madhya Pradesh,Furniture,Bookcases,"2,082.09",4,0.4,-73.95
IND-10221,2021-12-08,2021-12-09,First Class,Priya Mehta,Corporate,Mysuru,Karnataka,Office Supplies,Paper,3223.82,1,0.4,219.73
IND-10222,2021-01-02,2021-01-05,First Class,Pooja Agarwal,Corporate,Mysuru,Karnataka,Furniture,Bookcases,404.95,3,0.4,-28.6
IND-10223,2021-10-15,2021-10-18,Standard Class,Sneha Singh,Corporate,,Rajasthan,Office Supplies,Labels,3620.27,9,0.4,-95.62
IND-10224,2021-07-28,2021-07-29,Second Class,Arjun Tiwari,Home Office,Kolkata,West Bengal,Furniture,Bookcases,4491.02,5,0.0,598.91
IND-10225,2022-07-15,2022-07-16,First Class,Neha Iyer,Consumer,Lucknow,Uttar Pradesh,Furniture,Chairs,4897.03,9,0.4,153.21
IND-10226,2022-10-28,2022-10-31,First Class,Ankit Kumar,Corporate,Bengaluru,Karnataka,Furniture,Furnishings,4645.68,3,0.4,-74.77
IND-10227,2022-05-13,2022-05-16,First Class,Manish Saxena,Home Office,Bhopal,Madhya Pradesh,Technology,Phones,641.74,1,0.1,162.42
IND-10228,11/06/2021,2021-06-15,Standard Class,Vivek Yadav,Corporate,Madurai,Tamil Nadu,FURNITURE,Furnishings,2904.06,7,0.1,202.93
IND-10229,2021-09-13,2021-09-15,Same Day,Vivek Verma,Corporate,Kolkata,West Bengal,Furniture,Furnishings,938.51,4,0.1,139.0
IND-10230,2021-12-05,2021-12-09,Second Class,Deepak Patel,Home Office,Jaipur,Rajasthan,Technology,Machines,326.92,5,0.3,28.07
IND-10231,2022-07-31,2022-08-02,Same Day,Anjali Jain,Corporate,Kanpur,Uttar Pradesh,Office Supplies,Storage,1767.61,8,0.4,-157.52
IND-10232,2022-04-07,2022-04-09,Second Class,Sneha Sharma,Consumer,Howrah,West Bengal,TECHNOLOGY,Phones,4338.57,6,0.4,305.85
IND-10233,2023-04-07,2023-04-10,Same Day,Ankit Verma,Consumer,Noida,Uttar Pradesh,Furniture,Furnishings,3163.04,2,0.0,1069.51
IND-10234,2021-09-24,2021-09-26,First Class,Kavita Saxena,Home Office,Kolkata,West Bengal,Office Supplies,Binders,1290.76,4,0.4,168.84
IND-10235,2022-03-13,2022-03-17,First Class,,Home Office,Bhopal,Madhya Pradesh,Office Supplies,Storage,3242.03,1,0.3,472.6
IND-10236,2022-05-22,2022-05-26,Same Day,Priya Chauhan,Home Office,Noida,Uttar Pradesh,Office Supplies,Art,3626.59,2,0.2,287.93
IND-10237,2022-06-24,2022-06-27,Standard Class,Kavita Kumar,Corporate,New Delhi,Delhi,Furniture,Furnishings,2419.31,2,0.2,138.64
IND-10238,2021-06-06,2021-06-07,Standard Class,Priya Bansal,Corporate,New Delhi,  delhi  ,Technology,Phones,1915.88,1,0.1,382.0
IND-10239,2021-01-09,2021-01-13,Standard Class,Amit Verma,Consumer,Bhopal,Madhya Pradesh,Office Supplies,Art,2197.51,7,0.2,128.38
IND-10240,2023-01-30,2023-01-31,Second Class,Nitin Gupta,Consumer,Jaipur,Rajasthan,Technology,Machines,1510.06,8,0.2,157.1
IND-10241,2022-04-27,2022-04-30,Standard Class,Rohit Verma,Corporate,Agra,Uttar Pradesh,Technology,Accessories,4711.98,8,0.1,1475.51
IND-10242,2022-09-05,2022-09-08,First Class,Vivek Mehta,Corporate,Mumbai,Maharashtra,Office Supplies,Paper,2111.31,9,0.0,301.37
IND-10243,2022-03-05,2022-03-07,Standard Class,Ritu Chatterjee,Home Office,Mysuru,Karnataka,Furniture,Bookcases,1106.52,8,0.3,102.36
IND-10244,2023-02-06,2023-02-07,Standard Class,Ritu Chatterjee,Home Office,Agra,  uttar pradesh  ,Technology,Phones,3810.3,9,0.2,398.69
IND-10245,2023-04-03,not available,Same Day,Nitin Chatterjee,Home Office,Howrah,West Bengal,Furniture,Chairs,614.57,3,0.0,64.46
IND-10246,2021-10-26,2021-10-30,Standard Class,Suresh Saxena,Consumer,Mysuru,Karnataka,Office Supplies,Labels,2150.05,3,0.4,225.25
IND-10247,2021-12-15,2021-12-19,Standard Class,Amit Yadav,Consumer,Mangalore,Karnataka,Furniture,Furnishings,3495.94,9,0.0,895.2
IND-10248,2022-06-04,2022-06-06,Standard Class,Neha Chatterjee,Consumer,Chennai,Tamil Nadu,Furniture,Furnishings,1721.05,5,0.0,580.5
IND-10249,2023-01-24,2023-01-27,Second Class,Suresh Agarwal,Home Office,Jaipur,Rajasthan,Furniture,Bookcases,624.06,6,0.0,225.05
IND-10250,2021-05-24,2021-05-27,Standard Class,Rahul Sharma,Consumer,Indore,Madhya Pradesh,Office Supplies,Art,742.45,7,0.0,89.46
IND-10251,2022-10-03,2022-10-05,First Class,Nitin Patel,Corporate,Lucknow,Uttar Pradesh,Office Supplies,Art,1069.98,6,0.4,151.1
IND-10252,30/07/2021,2021-08-02,Same Day,Deepak Patel,Consumer,Noida,Uttar Pradesh,Office Supplies,Labels,1115.15,3,0.0,127.12
IND-10253,2021-08-20,2021-08-21,Same Day,Deepak Mishra,Corporate,Nagpur,Maharashtra,Technology,Accessories,1549.43,4,0.0,341.01
IND-10254,20/11/2022,2022-11-21,Standard Class,Nitin Iyer,Corporate,New Delhi,Delhi,Office Supplies,Art,1491.04,1,0.4,-98.79
IND-10255,2022-03-25,2022-03-28,Same Day,Pooja Mishra,Corporate,Kanpur,Uttar Pradesh,Technology,Copiers,939.93,8,0.0,225.46
IND-10256,2021-02-14,2021-02-18,Standard Class,Kavita Mehta,Corporate,Kolkata,West Bengal,Office Supplies,Art,2546.54,4,0.0,594.02
IND-10257,2022-06-06,2022-06-09,First Class,Ankit Chatterjee,Consumer,Kolkata,  west bengal  ,Technology,Phones,637.73,7,0.0,154.75
IND-10258,2023-03-26,2023-03-28,Standard Class,Vivek Bansal,Corporate,New Delhi,Delhi,OFFICE SUPPLIES,Labels,4110.23,4,0.1,490.16
IND-10259,2022-03-17,2022-03-18,First Class,Nitin Verma,Home Office,Kolkata,West Bengal,Technology,Accessories,4869.1,1,0.2,858.03
IND-10260,2021-06-26,2021-06-28,First Class,Kiran Sharma,Corporate,Howrah,West Bengal,Technology,Accessories,4258.7,8,0.3,629.67
IND-10261,2022-10-02,2022-10-03,Standard Class,Pooja Mishra,Home Office,Jaipur,Rajasthan,Technology,Copiers,283.54,6,0.0,29.14
IND-10262,2022-03-04,2022-03-08,Same Day,Arjun Chatterjee,Consumer,Indore,Madhya Pradesh,Technology,Copiers,1473.2,5,0.3,212.35
IND-10263,2022-06-02,2022-06-04,Second Class,Anjali Tiwari,Home Office,Chennai,Tamil Nadu,Furniture,Chairs,3831.79,8,0.3,890.9
IND-10264,2021-05-25,2021-05-26,Second Class,Rahul Saxena,Corporate,Surat,Gujarat,Technology,Accessories,933.26,7,0.4,0.02
IND-10265,2021-01-12,2021-01-13,Standard Class,Ankit Chauhan,Home Office,Nagpur,Maharashtra,Technology,Machines,4724.81,8,0.3,489.08
IND-10266,2023-05-25,2023-05-28,Standard Class,Vikas Verma,Consumer,Noida,Uttar Pradesh,Office Supplies,Labels,4222.95,5,0.0,1372.53
IND-10267,2021-06-10,2021-06-12,Same Day,Vikas Jain,Home Office,Jaipur,Rajasthan,Office Supplies,Art,2922.67,2,0.4,203.53
IND-10268,2023-03-20,2023-03-22,Second Class,,Consumer,Mysuru,Karnataka,Furniture,Bookcases,2952.95,2,0.4,-180.03
IND-10269,03/07/2022,2022-07-05,Same Day,Deepak Gupta,Home Office,Lucknow,Uttar Pradesh,Furniture,Bookcases,2191.14,4,0.0,227.8
IND-10270,2021-03-11,2021-03-12,First Class,Kavita Chatterjee,Consumer,Kolkata,West Bengal,Technology,Phones,3120.11,9,0.0,898.81
IND-10271,2021-12-30,not available,Second Class,Sneha Joshi,Home Office,Nashik,Maharashtra,Furniture,Furnishings,1182.48,6,0.0,197.13
IND-10272,2022-08-29,2022-08-31,First Class,Rahul Bansal,Consumer,Chennai,Tamil Nadu,Furniture,Bookcases,2451.49,1,0.1,548.06
IND-10273,2021-02-19,2021-02-22,Standard Class,Vikas Singh,Corporate,Noida,Uttar Pradesh,Technology,Machines,2128.24,1,0.3,465.81
IND-10274,2023-04-10,2023-04-11,Same Day,Vikas Saxena,Corporate,,Uttar Pradesh,Technology,Copiers,1921.1,4,0.1,488.09
IND-10275,2022-01-02,2022-01-04,First Class,Deepak Mishra,Consumer,Surat,Gujarat,Office Supplies,Binders,884.96,9,0.4,-32.86
IND-10276,2022-05-06,2022-05-09,Same Day,Manish Verma,Consumer,Jaipur,Rajasthan,Furniture,Chairs,828.2,5,0.0,281.26
IND-10277,2022-03-13,2022-03-16,Second Class,Sunita Yadav,Corporate,Chennai,Tamil Nadu,Technology,Copiers,4713.38,5,0.2,1309.36
IND-10278,2023-01-06,2023-01-08,First Class,Pooja Saxena,Consumer,Lucknow,Uttar Pradesh,Office Supplies,Art,4547.68,8,0.0,1161.68
IND-10279,2022-10-10,2022-10-13,Standard Class,Rohit Jain,Home Office,Ahmedabad,Gujarat,Office Supplies,Paper,2643.14,7,0.0,459.24
IND-10280,2021-04-03,2021-04-05,Same Day,Ritu Joshi,Consumer,Mysuru,Karnataka,Furniture,Bookcases,1407.75,8,0.3,29.91
IND-10281,2022-05-11,2022-05-15,First Class,Rohit Mehta,Corporate,Noida,Uttar Pradesh,TECHNOLOGY,Copiers,1855.48,8,0.2,374.33
IND-10282,2023-04-07,2023-04-11,Standard Class,Ankit Kapoor,Consumer,Nagpur,Maharashtra,Office Supplies,Storage,4071.88,5,0.4,447.21
IND-10283,2022-11-22,2022-11-25,Standard Class,Neha Kumar,Corporate,Madurai,Tamil Nadu,Office Supplies,Art,4078.13,8,0.0,957.71
IND-10284,2022-11-20,2022-11-21,Standard Class,Priya Agarwal,Corporate,Howrah,West Bengal,Furniture,Tables,3981.74,8,0.4,-67.4
IND-10285,2023-04-27,2023-05-01,Second Class,Amit Jain,Home Office,Bengaluru,  karnataka  ,TECHNOLOGY,Copiers,4126.46,1,0.2,329.38
IND-10286,2022-07-14,2022-07-15,Standard Class,Arjun Agarwal,Consumer,Vadodara,Gujarat,Furniture,Furnishings,2968.85,3,0.1,819.83
IND-10287,2022-10-01,2022-10-03,Second Class,Neha Chatterjee,Consumer,Surat,Gujarat,Furniture,Furnishings,1594.08,3,0.3,311.68
IND-10288,2022-04-07,2022-04-08,Second Class,Manish Iyer,Consumer,Bengaluru,Karnataka,Technology,Accessories,2302.2,3,0.4,210.86
IND-10289,2021-07-31,2021-08-04,Second Class,Ankit Iyer,Home Office,Nashik,Maharashtra,Office Supplies,Paper,207.25,3,0.0,49.87
IND-10290,2021-04-16,2021-04-19,Standard Class,Suresh Kapoor,Corporate,Madurai,Tamil Nadu,Office Supplies,Paper,4887.62,8,0.0,938.11
IND-10291,2021-03-19,2021-03-20,Same Day,Suresh Sharma,Corporate,Noida,Uttar Pradesh,OFFICE SUPPLIES,Art,2983.33,4,0.3,-74.87
IND-10292,2022-06-21,2022-06-23,Second Class,Rohit Chatterjee,Corporate,Jaipur,Rajasthan,Technology,Copiers,3882.67,7,0.2,645.09
IND-10293,2021-03-09,2021-03-12,Standard Class,Sneha Kapoor,Corporate,Kanpur,Uttar Pradesh,TECHNOLOGY,Copiers,4592.41,3,0.0,678.1
IND-10294,2022-07-16,2022-07-17,Second Class,Kavita Mishra,Home Office,Bhopal,Madhya Pradesh,Furniture,Bookcases,2001.43,6,0.4,-68.52
IND-10295,2022-05-06,2022-05-08,Same Day,Arjun Sharma,Home Office,Noida,Uttar Pradesh,Furniture,Furnishings,3798.44,1,0.4,201.86
IND-10296,2022-02-21,2022-02-23,Standard Class,Pooja Iyer,Consumer,,Madhya Pradesh,Furniture,Tables,2893.06,2,0.3,-40.34
IND-10297,2021-02-03,2021-02-05,Standard Class,Amit Yadav,Home Office,Bengaluru,Karnataka,Office Supplies,Art,3333.56,7,0.0,735.93
IND-10298,2021-11-28,2021-11-29,Second Class,Sunita Yadav,Corporate,Coimbatore,Tamil Nadu,FURNITURE,Furnishings,4156.71,6,0.0,794.67
IND-10299,2023-05-10,2023-05-14,Standard Class,Sunita Saxena,Home Office,Pune,Maharashtra,Furniture,Bookcases,3280.74,2,0.0,693.41
IND-10300,2021-03-10,2021-03-14,Standard Class,,Home Office,Indore,Madhya Pradesh,Furniture,Chairs,2831.01,6,0.2,223.31
IND-10301,2021-08-19,2021-08-21,Same Day,Rohit Sharma,Home Office,Chennai,Tamil Nadu,FURNITURE,Furnishings,4180.6,7,0.0,775.15
IND-10302,31/08/2022,2022-09-02,Same Day,Rahul Tiwari,Corporate,Howrah,West Bengal,Technology,Phones,2846.1,5,0.0,404.45
IND-10303,2022-09-30,2022-10-01,First Class,Priya Bansal,Consumer,Kolkata,West Bengal,Office Supplies,Storage,4067.94,8,0.0,1291.36
IND-10304,2023-02-03,2023-02-06,Second Class,Ritu Sharma,Corporate,Vadodara,Gujarat,Furniture,Bookcases,4914.02,9,0.0,574.84
IND-10305,28/07/2022,2022-07-29,Same Day,Manish Kapoor,Home Office,Pune,Maharashtra,Furniture,Bookcases,2435.36,2,0.2,521.16
IND-10306,2023-05-13,2023-05-17,Same Day,Sunita Verma,Consumer,Kanpur,Uttar Pradesh,Furniture,Furnishings,4013.61,7,0.1,805.21
IND-10307,2021-03-20,2021-03-22,Standard Class,Nitin Yadav,Corporate,Noida,Uttar Pradesh,Technology,Copiers,4023.9,3,0.2,846.62
IND-10308,2023-05-27,2023-05-28,Standard Class,Anjali Yadav,Corporate,Mumbai,Maharashtra,Office Supplies,Paper,2220.27,7,0.3,109.17
IND-10309,2022-03-04,2022-03-05,Standard Class,Nitin Kapoor,Corporate,,  gujarat  ,Furniture,Chairs,911.41,7,N/A,163.48
IND-10310,2022-08-12,2022-08-13,Same Day,Vikas Kapoor,Consumer,Nashik,Maharashtra,Technology,Accessories,3739.0,6,N/A,344.49
IND-10311,05/02/2022,2022-02-09,First Class,Pooja Gupta,Home Office,New Delhi,Delhi,Technology,Copiers,1288.37,8,0.2,349.22
IND-10312,2022-01-05,2022-01-07,Second Class,Priya Kumar,Home Office,Indore,Madhya Pradesh,Office Supplies,Labels,1556.66,1,0.2,42.95
IND-10313,2022-09-27,2022-09-30,Same Day,Deepak Agarwal,Consumer,Surat,Gujarat,Technology,Copiers,797.76,4,0.3,-12.53
IND-10314,2022-02-15,2022-02-16,Same Day,Kiran Mishra,Consumer,Coimbatore,Tamil Nadu,Furniture,Tables,2012.94,7,0.0,746.49
IND-10315,2022-01-16,2022-01-18,First Class,Deepak Mehta,Corporate,,Gujarat,Furniture,Bookcases,664.03,1,0.2,100.44
IND-10316,2023-05-16,2023-05-20,Second Class,Vivek Gupta,Home Office,,Tamil Nadu,Furniture,Chairs,1103.92,6,0.4,86.23
IND-10317,2022-06-05,2022-06-07,Same Day,Sunita Tiwari,Home Office,Surat,Gujarat,Technology,Phones,4454.14,5,0.0,1549.45
IND-10318,2022-11-24,2022-11-28,Same Day,Kavita Tiwari,Consumer,Pune,Maharashtra,Technology,Accessories,1164.06,2,0.4,-16.74
IND-10319,2022-08-30,2022-09-02,Standard Class,Deepak Mehta,Home Office,Madurai,Tamil Nadu,Technology,Copiers,2673.28,9,0.3,446.47
IND-10320,2023-05-16,2023-05-19,Same Day,Vivek Chatterjee,Consumer,Mysuru,Karnataka,Furniture,Chairs,3959.67,2,0.0,1216.58
IND-10321,21/12/2022,2022-12-23,Same Day,Neha Iyer,Home Office,Udaipur,Rajasthan,TECHNOLOGY,Accessories,3369.33,4,0.2,317.84
IND-10322,2022-02-11,2022-02-13,First Class,Sneha Agarwal,Corporate,Nashik,  maharashtra  ,Office Supplies,Storage,1043.91,4,0.2,232.95
IND-10323,2021-07-04,2021-07-08,Standard Class,Deepak Mishra,Corporate,Howrah,West Bengal,Technology,Copiers,1453.37,3,0.2,390.85
IND-10324,2021-07-01,2021-07-04,Second Class,Ritu Chatterjee,Corporate,New Delhi,Delhi,Technology,Copiers,2526.17,9,0.1,796.85
IND-10325,01/07/2022,2022-07-02,Second Class,Kavita Kumar,Corporate,Chennai,Tamil Nadu,Office Supplies,Art,722.23,5,0.4,3.78
IND-10326,2023-02-20,2023-02-23,Same Day,Anjali Bansal,Corporate,Lucknow,Uttar Pradesh,Furniture,Bookcases,1023.53,6,0.4,170.91
IND-10327,18/09/2021,2021-09-21,Same Day,Sunita Tiwari,Consumer,Indore,Madhya Pradesh,Technology,Machines,859.65,5,0.1,268.46
IND-10328,2021-02-14,2021-02-16,Second Class,Vikas Pandey,Corporate,Surat,Gujarat,Furniture,Chairs,1651.32,8,0.3,43.66
IND-10329,2021-11-08,2021-11-12,Second Class,Ritu Saxena,Corporate,Indore,  madhya pradesh  ,Technology,Accessories,3944.23,3,0.0,495.39
IND-10330,04/10/2021,2021-10-06,Second Class,Sneha Chauhan,Corporate,Udaipur,Rajasthan,Technology,Phones,4056.77,7,0.3,849.83
IND-10331,2023-03-23,2023-03-26,Standard Class,Anjali Chauhan,Home Office,Nagpur,Maharashtra,Technology,Accessories,214.05,8,0.2,32.3
IND-10332,2022-03-10,2022-03-14,Second Class,Arjun Kumar,Corporate,Kolkata,West Bengal,Technology,Copiers,4573.58,7,0.1,584.8
IND-10333,2021-10-02,2021-10-04,First Class,Kiran Verma,Home Office,Bengaluru,Karnataka,Technology,Phones,407.09,3,0.1,81.68
IND-10334,2021-07-04,2021-07-08,Standard Class,Anjali Mishra,Consumer,Kolkata,West Bengal,Furniture,Bookcases,1379.35,5,0.1,93.5
IND-10335,2022-10-24,2022-10-28,Same Day,Vivek Chatterjee,Corporate,Lucknow,Uttar Pradesh,Furniture,Tables,4035.14,9,0.1,1220.98
IND-10336,2021-05-02,2021-05-04,Same Day,Nitin Yadav,Consumer,Bhopal,Madhya Pradesh,Technology,Accessories,782.33,5,0.0,109.74
IND-10337,2022-02-11,2022-02-12,Standard Class,Vikas Gupta,Consumer,Mangalore,Karnataka,Technology,Phones,2429.43,6,0.4,60.11
IND-10338,2021-01-19,2021-01-22,Same Day,Rahul Sharma,Home Office,Indore,Madhya Pradesh,OFFICE SUPPLIES,Labels,3003.29,6,0.2,121.71
IND-10339,2023-05-22,2023-05-25,First Class,Neha Patel,Consumer,Ahmedabad,Gujarat,Technology,Accessories,2247.11,8,0.3,160.35
IND-10340,2021-09-05,2021-09-08,First Class,Manish Jain,Home Office,New Delhi,Delhi,Technology,Phones,3194.8,7,0.3,436.61
IND-10341,2021-01-06,2021-01-09,Same Day,Kiran Verma,Corporate,Kolkata,West Bengal,Furniture,Tables,1709.84,8,0.4,229.12
IND-10342,2022-10-08,2022-10-10,Standard Class,Rohit Chatterjee,Consumer,Kanpur,Uttar Pradesh,Furniture,Tables,2265.24,6,0.1,241.84
IND-10343,2023-04-19,2023-04-22,Same Day,Nitin Mehta,Corporate,Ahmedabad,  gujarat  ,Office Supplies,Art,2532.39,6,0.2,433.36
IND-10344,2022-04-25,2022-04-26,Second Class,Ritu Agarwal,Corporate,Pune,Maharashtra,Technology,Machines,597.56,9,0.3,149.19
IND-10345,2021-06-07,2021-06-11,Second Class,Rohit Tiwari,Corporate,Jaipur,Rajasthan,Furniture,Chairs,781.5,1,0.2,181.18
IND-10346,2022-02-05,2022-02-09,First Class,Vikas Chauhan,Home Office,Bengaluru,Karnataka,Office Supplies,Storage,1290.18,1,0.2,1.72
IND-10347,2021-09-04,2021-09-06,Standard Class,Ritu Tiwari,Home Office,Howrah,West Bengal,Office Supplies,Binders,1793.38,2,0.0,227.4
IND-10348,2021-03-10,2021-03-13,First Class,Sneha Joshi,Corporate,Coimbatore,Tamil Nadu,Furniture,Furnishings,518.85,3,0.0,178.22
IND-10349,2021-08-27,2021-08-31,First Class,Ankit Joshi,Home Office,Noida,Uttar Pradesh,Technology,Phones,4752.02,9,0.4,234.46
IND-10350,2021-04-13,2021-04-17,Second Class,Vivek Jain,Corporate,Bengaluru,Karnataka,Furniture,Bookcases,4110.62,9,0.1,780.88
IND-10351,2022-12-19,2022-12-23,Second Class,Priya Mishra,Home Office,Chennai,Tamil Nadu,Office Supplies,Art,790.16,3,0.1,221.9
IND-10352,2022-03-27,2022-03-29,Second Class,Pooja Jain,Home Office,Coimbatore,Tamil Nadu,Office Supplies,Labels,1293.04,5,0.2,31.96
IND-10353,2023-04-03,2023-04-06,Same Day,Kiran Tiwari,Home Office,Mangalore,Karnataka,OFFICE SUPPLIES,Labels,3351.5,7,0.4,298.8
IND-10354,2021-03-30,2021-04-01,Second Class,Vikas Kapoor,Consumer,Coimbatore,Tamil Nadu,Technology,Accessories,2165.76,8,0.0,802.71
IND-10355,2021-04-02,2021-04-05,Standard Class,Kiran Singh,Corporate,Indore,Madhya Pradesh,Technology,Machines,325.88,3,0.4,55.7
IND-10356,2022-03-16,2022-03-17,Second Class,Pooja Chauhan,Consumer,Agra,Uttar Pradesh,Technology,Phones,2690.36,3,0.0,852.08
IND-10357,2021-01-17,2021-01-18,First Class,Manish Gupta,Home Office,,Maharashtra,Technology,Copiers,3364.32,3,0.4,262.41
IND-10358,2022-05-10,2022-05-14,Second Class,Priya Agarwal,Corporate,New Delhi,Delhi,Furniture,Bookcases,1759.07,7,0.3,280.98
IND-10359,2022-01-16,2022-01-20,First Class,Rohit Sharma,Corporate,Howrah,West Bengal,Technology,Accessories,810.76,9,0.3,-20.37
IND-10360,2022-10-08,2022-10-11,Second Class,Priya Tiwari,Home Office,Surat,Gujarat,Furniture,Furnishings,2923.67,1,0.3,144.94
IND-10361,2021-04-15,2021-04-19,First Class,,Home Office,Pune,Maharashtra,Office Supplies,Binders,4018.0,6,0.1,684.43
IND-10362,29/08/2022,2022-09-01,Same Day,Manish Agarwal,Consumer,Agra,Uttar Pradesh,Furniture,Tables,3291.26,7,0.2,965.2
IND-10363,2021-03-15,2021-03-19,Second Class,Kiran Joshi,Home Office,Kolkata,West Bengal,Technology,Copiers,4078.04,7,0.3,394.25
IND-10364,2022-03-05,2022-03-06,First Class,Amit Yadav,Home Office,Udaipur,Rajasthan,Office Supplies,Labels,1210.91,3,0.3,191.61
IND-10365,2022-11-27,2022-11-28,Second Class,Vikas Verma,Corporate,New Delhi,Delhi,Technology,Phones,3138.51,2,0.4,-7.25
IND-10366,2021-10-23,2021-10-27,Same Day,Priya Iyer,Consumer,Coimbatore,  tamil nadu  ,Technology,Phones,259.79,7,0.2,59.02
IND-10367,2021-07-26,2021-07-28,Same Day,Kavita Kapoor,Home Office,New Delhi,Delhi,Office Supplies,Storage,3128.23,3,0.4,547.44
IND-10368,2021-07-10,2021-07-11,Same Day,Arjun Singh,Corporate,,Rajasthan,Technology,Accessories,3326.64,8,0.0,673.71
IND-10369,2022-01-22,2022-01-26,Second Class,Vivek Patel,Home Office,Chennai,Tamil Nadu,Technology,Copiers,2987.22,1,0.3,553.27
IND-10370,2022-07-04,2022-07-06,Standard Class,Rohit Tiwari,Corporate,Madurai,  tamil nadu  ,Office Supplies,Paper,3793.36,9,0.4,706.9
IND-10371,2021-12-09,2021-12-13,Second Class,Ankit Saxena,Home Office,Kolkata,West Bengal,Furniture,Bookcases,4722.39,2,0.2,794.32
IND-10372,2021-08-30,2021-08-31,Standard Class,Arjun Jain,Consumer,Jaipur,Rajasthan,Technology,Accessories,2446.28,9,0.0,411.03
IND-10373,2023-03-26,2023-03-27,Second Class,Kiran Chatterjee,Consumer,Vadodara,Gujarat,Office Supplies,Paper,2607.58,3,0.2,50.66
IND-10374,23/09/2021,2021-09-26,Second Class,Ankit Iyer,Corporate,Vadodara,Gujarat,Furniture,Furnishings,1062.47,5,0.1,306.39
IND-10375,2022-11-07,2022-11-09,Standard Class,Sneha Saxena,Consumer,Kolkata,West Bengal,FURNITURE,Bookcases,4768.67,7,0.4,-180.22
IND-10376,2022-06-12,2022-06-13,Second Class,Vikas Agarwal,Corporate,Lucknow,Uttar Pradesh,Office Supplies,Art,"1,797.59",5,0.2,445.04
IND-10377,2022-11-04,2022-11-06,Same Day,Kiran Tiwari,Corporate,Pune,Maharashtra,Office Supplies,Storage,2708.68,5,0.3,-111.28
IND-10378,18/05/2023,2023-05-20,Standard Class,Sunita Saxena,Consumer,Mangalore,Karnataka,Furniture,Chairs,915.2,2,0.4,159.19
IND-10379,2021-07-18,2021-07-21,Standard Class,Deepak Pandey,Corporate,Vadodara,Gujarat,Technology,Copiers,1779.26,2,0.2,193.37
IND-10380,2022-04-14,2022-04-16,First Class,Suresh Agarwal,Home Office,Madurai,Tamil Nadu,Office Supplies,Binders,2295.69,5,0.3,-24.98
IND-10381,2023-06-16,2023-06-18,Standard Class,Amit Mishra,Consumer,New Delhi,Delhi,Furniture,Tables,1782.2,1,0.3,-64.68
IND-10382,2021-08-01,2021-08-04,Standard Class,Anjali Iyer,Corporate,New Delhi,Delhi,Furniture,Tables,538.33,4,0.0,213.93
IND-10383,2022-06-30,2022-07-01,First Class,,Consumer,Kolkata,West Bengal,Technology,Copiers,3033.52,2,0.3,6.56
IND-10384,2022-06-18,2022-06-19,Standard Class,Rahul Yadav,Home Office,Indore,Madhya Pradesh,Office Supplies,Paper,3690.76,2,0.0,942.94
IND-10385,2023-04-15,2023-04-17,Same Day,Deepak Patel,Corporate,Kolkata,West Bengal,Furniture,Furnishings,4610.55,2,0.3,1048.03
IND-10386,2021-09-25,2021-09-28,Second Class,,Home Office,Pune,Maharashtra,Technology,Accessories,1989.29,6,0.2,322.68
IND-10387,2021-10-31,2021-11-01,Same Day,Manish Kumar,Home Office,Kolkata,West Bengal,Furniture,Furnishings,3824.25,7,0.4,-321.23
IND-10388,2021-05-20,2021-05-23,Second Class,Anjali Gupta,Home Office,Ahmedabad,Gujarat,Furniture,Furnishings,4890.37,4,0.3,1025.3
IND-10389,2021-02-06,2021-02-09,Same Day,Amit Patel,Home Office,Agra,Uttar Pradesh,Office Supplies,Binders,1288.39,6,0.1,393.76
IND-10390,2022-04-02,2022-04-05,Same Day,Kiran Tiwari,Home Office,Mysuru,Karnataka,Office Supplies,Binders,2374.15,6,0.4,1.93
IND-10391,2023-01-20,2023-01-23,Same Day,Ritu Bansal,Home Office,Coimbatore,Tamil Nadu,Furniture,Bookcases,1872.62,5,0.2,291.52
IND-10392,2022-11-15,2022-11-17,Standard Class,Kavita Iyer,Home Office,Mysuru,Karnataka,Technology,Phones,4452.42,7,0.2,222.73
IND-10393,2023-02-05,2023-02-09,Second Class,Anjali Chauhan,Home Office,New Delhi,Delhi,Office Supplies,Storage,3761.58,1,0.3,382.73
IND-10394,2022-12-13,2022-12-16,Standard Class,Ankit Chatterjee,Corporate,Kanpur,Uttar Pradesh,Furniture,Furnishings,2140.74,8,0.0,429.12
IND-10395,2023-04-02,2023-04-05,Second Class,Kiran Jain,Corporate,Indore,Madhya Pradesh,Office Supplies,Labels,4512.1,1,0.0,1792.1
IND-10396,2023-02-15,2023-02-17,Second Class,Vivek Yadav,Consumer,New Delhi,Delhi,Furniture,Tables,4985.32,7,0.0,809.52
IND-10397,2022-02-10,2022-02-14,Same Day,,Corporate,New Delhi,Delhi,Furniture,Bookcases,2283.93,5,0.0,358.82
IND-10398,2021-05-07,2021-05-09,Standard Class,Ritu Gupta,Corporate,Madurai,Tamil Nadu,Technology,Phones,4211.32,3,0.3,957.97
IND-10399,03/10/2021,2021-10-04,Standard Class,Sunita Mishra,Home Office,Mangalore,Karnataka,Technology,Phones,953.79,9,0.3,164.11
IND-10400,2023-05-05,2023-05-07,Standard Class,Ankit Tiwari,Home Office,Bengaluru,Karnataka,Technology,Machines,3014.32,3,0.3,-84.82
IND-10401,2021-10-29,2021-10-31,First Class,Rahul Sharma,Home Office,Agra,Uttar Pradesh,Furniture,Chairs,4093.71,1,0.2,917.32
IND-10402,2022-03-11,2022-03-13,Second Class,Ritu Gupta,Home Office,Coimbatore,Tamil Nadu,Office Supplies,Binders,1722.73,1,0.0,396.36
IND-10403,2021-08-16,2021-08-19,Second Class,Sneha Chauhan,Home Office,Madurai,Tamil Nadu,Furniture,Bookcases,3189.52,1,0.2,571.04
IND-10404,2023-06-14,2023-06-18,First Class,Arjun Kapoor,Corporate,Noida,Uttar Pradesh,Furniture,Tables,1401.27,1,0.3,49.22
IND-10405,2023-04-30,2023-05-01,Standard Class,Sneha Bansal,Corporate,Jaipur,Rajasthan,Technology,Copiers,1013.76,8,0.3,-9.16
IND-10406,2022-06-30,2022-07-04,First Class,Sneha Kumar,Home Office,Mumbai,Maharashtra,Technology,Accessories,2193.32,3,0.2,223.07
IND-10407,2023-02-16,2023-02-18,Standard Class,Amit Saxena,Consumer,Jaipur,Rajasthan,Technology,Machines,4691.82,7,0.1,313.65
IND-10408,2023-06-04,not available,First Class,Priya Singh,Home Office,Nagpur,Maharashtra,Furniture,Tables,4971.17,4,0.0,1412.06
IND-10409,2022-12-21,2022-12-24,Standard Class,Kavita Singh,Corporate,New Delhi,Delhi,Office Supplies,Binders,924.27,4,0.0,218.15
IND-10410,2023-02-26,2023-02-28,Standard Class,Rohit Iyer,Home Office,Indore,Madhya Pradesh,Furniture,Chairs,2237.24,2,0.1,574.48
IND-10411,2022-03-20,2022-03-21,Same Day,Pooja Iyer,Home Office,Howrah,West Bengal,Furniture,Furnishings,2226.22,1,0.2,487.29
IND-10412,2022-08-17,2022-08-21,Second Class,Anjali Singh,Home Office,Nagpur,  maharashtra  ,Office Supplies,Labels,1469.92,9,0.0,343.2
IND-10413,2021-04-14,2021-04-18,Same Day,Kavita Chatterjee,Corporate,Kanpur,Uttar Pradesh,Furniture,Bookcases,710.95,2,0.3,12.46
IND-10414,2023-06-16,2023-06-17,First Class,Kiran Saxena,Corporate,Howrah,West Bengal,Office Supplies,Binders,1570.69,9,0.2,202.19
IND-10415,2022-08-08,2022-08-10,Standard Class,Ankit Singh,Corporate,Chennai,Tamil Nadu,Furniture,Furnishings,343.55,3,0.2,91.5
IND-10416,2021-06-02,2021-06-05,First Class,Kiran Chatterjee,Home Office,Howrah,West Bengal,Furniture,Bookcases,680.11,1,0.0,77.16
IND-10417,2021-09-26,2021-09-30,Second Class,Ritu Chatterjee,Home Office,Mangalore,  karnataka  ,Furniture,Chairs,3897.64,1,0.3,780.36
IND-10418,2022-11-21,2022-11-22,Second Class,Suresh Agarwal,Corporate,Nagpur,Maharashtra,OFFICE SUPPLIES,Paper,928.34,3,0.3,112.5
IND-10419,2021-08-15,2021-08-16,First Class,Vivek Mishra,Corporate,Vadodara,Gujarat,Technology,Accessories,2340.12,3,0.1,122.13
IND-10420,2021-07-15,2021-07-17,Same Day,Arjun Tiwari,Consumer,Noida,Uttar Pradesh,Technology,Copiers,3489.19,7,0.4,-56.26
IND-10421,2021-05-05,2021-05-07,Second Class,Amit Jain,Corporate,Coimbatore,Tamil Nadu,Furniture,Tables,4889.98,8,0.1,1149.11
IND-10422,2022-09-01,2022-09-02,Second Class,Kiran Gupta,Consumer,Udaipur,  rajasthan  ,Technology,Copiers,4439.0,9,0.3,103.89
IND-10423,2023-01-01,2023-01-04,First Class,Suresh Kumar,Home Office,New Delhi,Delhi,OFFICE SUPPLIES,Labels,4549.17,4,0.1,482.23
IND-10424,2021-12-04,2021-12-08,First Class,Sunita Tiwari,Home Office,Pune,Maharashtra,Office Supplies,Labels,1469.23,5,0.1,274.76
IND-10425,2022-12-17,2022-12-18,Second Class,Neha Mehta,Home Office,Kolkata,West Bengal,Office Supplies,Art,2101.99,6,0.3,124.76
IND-10426,2021-05-10,2021-05-12,Second Class,Amit Kumar,Consumer,Kanpur,Uttar Pradesh,Technology,Copiers,4809.9,5,0.3,325.14
IND-10427,17/03/2023,2023-03-18,Standard Class,Manish Joshi,Home Office,Howrah,West Bengal,Furniture,Bookcases,3958.97,4,0.0,1409.2
IND-10428,2023-03-17,2023-03-21,Standard Class,Suresh Chatterjee,Corporate,Kanpur,Uttar Pradesh,Technology,Phones,1649.22,3,0.3,306.37
IND-10429,2022-05-12,2022-05-15,Standard Class,Kavita Sharma,Consumer,Bengaluru,Karnataka,Furniture,Bookcases,1581.66,9,0.0,557.53
IND-10430,2023-05-10,2023-05-12,Same Day,Priya Iyer,Home Office,Surat,Gujarat,Technology,Phones,3512.07,7,0.4,650.53
IND-10431,2022-12-25,2022-12-26,Standard Class,Suresh Iyer,Corporate,Ahmedabad,Gujarat,Furniture,Furnishings,517.5,3,0.2,138.85
IND-10432,2022-07-10,2022-07-12,Standard Class,Amit Chauhan,Home Office,Udaipur,Rajasthan,Office Supplies,Storage,351.07,2,0.2,20.25
IND-10433,2021-06-28,2021-06-29,First Class,Rohit Gupta,Consumer,Ahmedabad,  gujarat  ,Office Supplies,Labels,269.31,9,0.4,31.57
IND-10434,2023-05-03,2023-05-05,First Class,Sneha Pandey,Corporate,Bengaluru,Karnataka,Furniture,Chairs,1123.82,4,0.1,347.93
IND-10435,2021-07-14,2021-07-15,Second Class,,Home Office,Bhopal,Madhya Pradesh,Technology,Copiers,3503.67,6,0.0,1149.11
IND-10436,2021-04-22,2021-04-25,Same Day,Vivek Mehta,Corporate,Jaipur,Rajasthan,Technology,Copiers,2539.8,2,0.3,286.66
IND-10437,2021-05-17,2021-05-20,Standard Class,Vivek Saxena,Consumer,Indore,Madhya Pradesh,Furniture,Bookcases,3138.15,8,0.3,724.42
IND-10438,2023-02-02,2023-02-05,Same Day,Suresh Sharma,Home Office,Ahmedabad,Gujarat,Technology,Accessories,3449.59,5,0.0,1235.43
IND-10439,2022-07-29,2022-07-31,Second Class,Neha Iyer,Corporate,Bengaluru,Karnataka,Furniture,Tables,2900.63,9,0.0,501.18
IND-10440,2021-03-26,2021-03-30,Standard Class,Sneha Joshi,Corporate,Bengaluru,Karnataka,Technology,Accessories,1469.09,1,0.1,362.29
IND-10441,2021-11-10,2021-11-13,Same Day,Sunita Kumar,Corporate,Jaipur,Rajasthan,Technology,Copiers,1785.6,5,0.4,214.96
IND-10442,2022-01-19,2022-01-23,Standard Class,Priya Tiwari,Consumer,Lucknow,Uttar Pradesh,Technology,Phones,3728.92,1,0.4,-190.52
IND-10443,2022-04-04,2022-04-05,Same Day,Pooja Sharma,Corporate,Madurai,Tamil Nadu,Office Supplies,Storage,1040.47,2,0.0,176.5
IND-10444,2021-06-10,2021-06-14,Second Class,Pooja Tiwari,Consumer,Noida,Uttar Pradesh,Technology,Machines,665.35,4,0.0,89.69
IND-10445,2021-09-12,2021-09-14,First Class,Deepak Kumar,Home Office,Surat,Gujarat,Technology,Copiers,987.65,1,0.4,-52.8
IND-10446,2023-06-10,2023-06-12,First Class,Anjali Gupta,Corporate,Mysuru,Karnataka,Office Supplies,Paper,3577.28,3,0.2,269.04
IND-10447,2023-01-20,not available,First Class,Nitin Iyer,Corporate,Agra,Uttar Pradesh,Furniture,Tables,4668.86,8,0.0,854.07
IND-10448,2023-04-15,2023-04-19,First Class,Rahul Jain,Consumer,Madurai,Tamil Nadu,Furniture,Tables,1300.55,1,0.4,-50.42
IND-10449,2023-06-12,2023-06-14,Standard Class,Ankit Sharma,Consumer,Kolkata,West Bengal,Office Supplies,Binders,3019.76,3,0.3,563.36
IND-10450,2022-12-09,2022-12-10,Standard Class,Rohit Jain,Home Office,New Delhi,Delhi,Technology,Copiers,1626.74,6,0.2,120.87
IND-10451,2021-01-29,2021-01-30,Same Day,Kavita Verma,Home Office,Kolkata,West Bengal,Office Supplies,Art,634.44,1,0.0,205.41
IND-10452,2022-11-25,2022-11-26,Standard Class,Ankit Kapoor,Home Office,Chennai,Tamil Nadu,Technology,Phones,1334.65,9,0.0,177.08
IND-10453,2021-03-21,not available,Standard Class,Rahul Chauhan,Consumer,Madurai,Tamil Nadu,Office Supplies,Binders,514.3,3,0.4,89.01
IND-10454,2022-03-06,2022-03-09,Same Day,Amit Patel,Consumer,Mumbai,Maharashtra,Office Supplies,Paper,4534.08,1,0.2,509.38
IND-10455,2022-09-07,2022-09-10,First Class,Deepak Gupta,Corporate,Bhopal,Madhya Pradesh,Technology,Phones,2219.48,5,0.4,-110.74
IND-10456,2021-11-26,2021-11-30,First Class,Rohit Sharma,Corporate,Chennai,Tamil Nadu,Technology,Phones,1884.04,4,0.2,469.28
IND-10457,2023-05-24,2023-05-28,Standard Class,Ritu Bansal,Corporate,New Delhi,Delhi,Furniture,Tables,2312.47,7,0.4,33.01
IND-10458,11/02/2021,2021-02-14,Same Day,Vivek Agarwal,Home Office,New Delhi,Delhi,Office Supplies,Binders,3740.51,5,0.4,283.8
IND-10459,2021-10-20,2021-10-23,Same Day,Ritu Chauhan,Home Office,Vadodara,Gujarat,Office Supplies,Art,958.92,4,0.3,220.26
IND-10460,2022-03-01,2022-03-04,Same Day,,Home Office,Howrah,West Bengal,Furniture,Furnishings,4452.13,9,0.2,468.39
IND-10461,2023-02-20,2023-02-21,Same Day,Pooja Kumar,Home Office,Kanpur,Uttar Pradesh,TECHNOLOGY,Copiers,1493.43,5,0.1,227.58
IND-10462,2021-12-21,2021-12-25,Standard Class,Priya Bansal,Corporate,Mumbai,  maharashtra  ,Technology,Phones,2622.48,8,0.0,547.86
IND-10463,2022-11-08,2022-11-12,Standard Class,Deepak Saxena,Home Office,Udaipur,Rajasthan,Office Supplies,Labels,933.95,4,0.3,185.46
IND-10464,2023-05-05,2023-05-06,Second Class,Priya Tiwari,Home Office,Vadodara,Gujarat,Technology,Machines,3949.22,3,0.1,264.56
IND-10465,2022-12-11,2022-12-15,First Class,Suresh Bansal,Home Office,Nashik,Maharashtra,Technology,Copiers,1247.05,1,0.4,-42.14
IND-10466,2021-03-01,2021-03-03,Same Day,Sneha Kapoor,Home Office,Madurai,Tamil Nadu,Office Supplies,Art,2398.29,6,0.1,660.54
IND-10467,2021-12-02,2021-12-05,First Class,Arjun Kumar,Home Office,Jaipur,Rajasthan,FURNITURE,Chairs,2886.3,7,0.1,814.97
IND-10468,2021-05-12,2021-05-16,Second Class,Sunita Patel,Home Office,Mysuru,Karnataka,Furniture,Tables,4791.76,2,0.2,4.14
IND-10469,2021-06-15,2021-06-16,Same Day,Vikas Pandey,Consumer,Noida,Uttar Pradesh,Office Supplies,Art,4686.63,7,0.0,1293.47
IND-10470,2022-01-06,2022-01-07,First Class,Arjun Kapoor,Corporate,New Delhi,Delhi,Furniture,Bookcases,902.92,9,0.1,98.81
IND-10471,2021-03-28,2021-03-31,First Class,Sunita Yadav,Corporate,Jaipur,Rajasthan,Office Supplies,Storage,1027.87,3,0.4,68.43
IND-10472,2022-11-18,2022-11-20,Standard Class,Ankit Tiwari,Corporate,Jaipur,  rajasthan  ,Technology,Accessories,4487.28,1,0.4,-351.21
IND-10473,2021-01-15,2021-01-19,First Class,Priya Mehta,Consumer,Bhopal,Madhya Pradesh,Technology,Copiers,1749.56,1,0.1,155.85
IND-10474,2022-10-22,2022-10-25,Standard Class,Kiran Patel,Corporate,Bhopal,Madhya Pradesh,Furniture,Bookcases,4440.7,9,0.1,501.56
IND-10475,2021-06-28,2021-07-01,Second Class,Neha Jain,Consumer,Indore,Madhya Pradesh,Office Supplies,Art,4591.33,7,0.0,690.22
IND-10476,2021-12-31,2022-01-01,Second Class,Ritu Agarwal,Home Office,Indore,Madhya Pradesh,Furniture,Tables,4212.45,3,0.0,821.07
IND-10477,2021-10-21,2021-10-23,Same Day,Sneha Verma,Home Office,Ahmedabad,Gujarat,Technology,Machines,317.72,9,0.4,-2.96
IND-10478,2021-11-10,2021-11-14,First Class,Sneha Joshi,Corporate,New Delhi,Delhi,Office Supplies,Labels,3098.34,4,0.4,-291.38
IND-10479,2022-05-10,2022-05-14,Standard Class,Manish Chauhan,Consumer,Mangalore,Karnataka,Furniture,Bookcases,4801.7,5,0.1,475.75
IND-10480,2021-12-10,2021-12-14,Same Day,Deepak Sharma,Consumer,Nashik,Maharashtra,Office Supplies,Storage,3496.63,7,0.2,1008.33
IND-10481,2022-08-05,2022-08-09,Same Day,Deepak Patel,Consumer,Udaipur,Rajasthan,Technology,Machines,4482.21,7,0.2,411.78
IND-10482,2022-12-30,2023-01-03,Standard Class,Pooja Kumar,Corporate,Udaipur,Rajasthan,Office Supplies,Paper,4897.69,4,0.4,225.38
IND-10483,2021-09-25,2021-09-27,First Class,Priya Jain,Consumer,Bhopal,Madhya Pradesh,Technology,Copiers,4924.69,1,0.1,1483.92
IND-10484,2022-06-23,2022-06-27,Standard Class,Deepak Gupta,Consumer,Pune,Maharashtra,Furniture,Chairs,500.83,7,0.4,9.5
IND-10485,2022-05-17,2022-05-19,First Class,Deepak Verma,Home Office,Jaipur,Rajasthan,Technology,Accessories,3217.17,4,0.0,998.82
IND-10486,2021-10-18,2021-10-22,Second Class,Kavita Chauhan,Consumer,Kolkata,West Bengal,Office Supplies,Binders,4912.52,7,0.4,298.77
IND-10487,2022-08-16,2022-08-18,First Class,Suresh Chauhan,Corporate,Bhopal,Madhya Pradesh,Furniture,Bookcases,1656.52,7,0.2,23.53
IND-10488,2023-03-21,2023-03-24,Same Day,Rahul Agarwal,Corporate,New Delhi,Delhi,Technology,Machines,3312.55,5,0.4,252.85
IND-10489,2023-05-02,2023-05-04,First Class,Anjali Kumar,Consumer,Coimbatore,Tamil Nadu,Office Supplies,Labels,717.18,5,0.0,100.09
IND-10490,2023-03-14,2023-03-17,Same Day,Deepak Chatterjee,Consumer,Kanpur,  uttar pradesh  ,Technology,Copiers,1472.72,4,0.0,160.75
IND-10491,2023-04-23,2023-04-25,Standard Class,Kavita Sharma,Home Office,Surat,Gujarat,Furniture,Furnishings,1764.48,6,0.1,424.03
IND-10492,2023-04-17,2023-04-18,Standard Class,Neha Joshi,Corporate,Nashik,Maharashtra,Technology,Copiers,4439.15,8,0.1,527.21
IND-10493,2021-07-15,2021-07-18,Same Day,Priya Jain,Consumer,New Delhi,Delhi,Technology,Accessories,4233.53,2,0.4,-287.53
IND-10494,2022-06-01,2022-06-04,Standard Class,Rahul Singh,Consumer,Chennai,Tamil Nadu,Furniture,Furnishings,2036.98,3,0.4,-5.08
IND-10495,2022-09-09,2022-09-11,Same Day,Pooja Agarwal,Consumer,Jaipur,Rajasthan,Furniture,Tables,"1,916.95",4,0.2,496.06
IND-10496,2021-05-16,2021-05-17,Standard Class,,Consumer,Bhopal,Madhya Pradesh,Furniture,Tables,534.38,7,0.0,76.77
IND-10497,2021-08-23,2021-08-26,First Class,Sunita Pandey,Consumer,Mumbai,Maharashtra,Office Supplies,Paper,2611.02,7,0.0,693.87
IND-10498,2023-04-07,2023-04-11,Same Day,Anjali Joshi,Home Office,Kanpur,Uttar Pradesh,Furniture,Tables,911.12,7,0.2,226.31
IND-10499,2022-09-17,2022-09-19,First Class,Neha Chauhan,Home Office,Vadodara,Gujarat,Technology,Accessories,4165.03,6,0.0,749.26
IND-10500,2021-09-16,2021-09-17,Same Day,Rahul Chauhan,Corporate,Chennai,Tamil Nadu,Technology,Accessories,3771.25,8,0.0,427.46
IND-10501,2023-03-19,2023-03-20,Standard Class,Manish Jain,Consumer,Mangalore,Karnataka,Office Supplies,Paper,4442.33,5,0.1,1003.95
IND-10502,2023-04-23,2023-04-24,Standard Class,Rahul Tiwari,Consumer,Mysuru,Karnataka,Office Supplies,Storage,771.89,5,0.4,114.65
IND-10503,2021-03-14,2021-03-15,First Class,Deepak Tiwari,Consumer,Madurai,Tamil Nadu,Technology,Phones,4613.83,9,0.4,792.79
IND-10504,2023-05-12,2023-05-14,First Class,Anjali Iyer,Home Office,Jaipur,Rajasthan,Furniture,Furnishings,3656.94,7,0.4,-186.89
IND-10505,2022-06-01,2022-06-05,Same Day,Neha Joshi,Home Office,Bhopal,Madhya Pradesh,Furniture,Tables,2859.83,2,0.0,703.63
IND-10506,2022-05-28,2022-05-30,Standard Class,Sneha Kumar,Consumer,New Delhi,Delhi,Technology,Phones,2782.94,8,0.1,226.82
IND-10507,2022-11-24,2022-11-27,First Class,Sunita Saxena,Consumer,New Delhi,Delhi,Furniture,Bookcases,592.35,2,0.0,99.2
IND-10508,2022-09-18,2022-09-22,Standard Class,Anjali Gupta,Home Office,Vadodara,Gujarat,Office Supplies,Paper,3076.48,2,0.3,567.95
IND-10509,2022-06-17,2022-06-19,Second Class,,Corporate,Indore,Madhya Pradesh,Furniture,Chairs,3597.68,3,0.4,127.15
IND-10510,2022-09-29,2022-10-01,Same Day,Ankit Pandey,Home Office,Lucknow,Uttar Pradesh,Furniture,Chairs,1832.1,9,0.0,557.1
IND-10511,2022-04-23,2022-04-26,First Class,Rohit Gupta,Corporate,Ahmedabad,Gujarat,Office Supplies,Paper,386.14,2,0.4,52.32
IND-10512,2023-06-09,2023-06-10,First Class,Vikas Yadav,Consumer,Agra,Uttar Pradesh,Office Supplies,Paper,1132.3,1,0.3,253.13
IND-10513,2022-06-28,2022-06-30,Standard Class,Kavita Jain,Consumer,Pune,Maharashtra,Office Supplies,Art,4597.18,3,0.4,490.74
IND-10514,2022-01-04,2022-01-06,First Class,Sneha Kumar,Corporate,Mangalore,Karnataka,Technology,Phones,2921.35,8,0.4,215.92
IND-10515,2022-07-16,2022-07-19,Second Class,Vikas Sharma,Consumer,Kolkata,West Bengal,FURNITURE,Tables,894.56,1,0.0,162.75
IND-10516,2022-01-04,2022-01-07,Second Class,Suresh Patel,Consumer,Agra,Uttar Pradesh,Technology,Accessories,4672.68,9,0.2,633.26
IND-10517,2021-08-23,2021-08-26,Standard Class,Anjali Chatterjee,Consumer,New Delhi,Delhi,Office Supplies,Storage,3208.06,5,0.4,553.9
IND-10518,2021-05-31,2021-06-03,Standard Class,Pooja Gupta,Home Office,Pune,Maharashtra,Furniture,Tables,1068.09,7,0.4,68.49
IND-10519,02/11/2022,2022-11-05,Second Class,Anjali Chauhan,Consumer,Ahmedabad,Gujarat,Furniture,Tables,552.83,7,0.1,106.19
IND-10520,2021-04-25,2021-04-29,Same Day,Ritu Verma,Consumer,Jaipur,Rajasthan,Furniture,Bookcases,3064.77,2,0.1,508.99
IND-10521,2023-04-13,2023-04-17,Second Class,Sneha Singh,Consumer,Chennai,Tamil Nadu,Technology,Accessories,1055.55,2,0.4,75.62
IND-10522,12/06/2021,2021-06-14,Standard Class,Amit Saxena,Consumer,Chennai,Tamil Nadu,Technology,Copiers,1110.71,5,0.2,251.89
IND-10523,2021-03-26,2021-03-28,Second Class,Rahul Tiwari,Corporate,Udaipur,Rajasthan,Furniture,Chairs,2726.07,2,0.4,-72.34
IND-10524,2021-03-21,2021-03-25,Same Day,Deepak Singh,Corporate,Nagpur,Maharashtra,Technology,Accessories,2052.9,4,0.3,313.04
IND-10525,2022-02-09,2022-02-11,Second Class,Ritu Mishra,Home Office,New Delhi,Delhi,Technology,Machines,3227.31,6,N/A,552.29
IND-10526,2022-02-06,2022-02-10,Standard Class,Neha Joshi,Consumer,Indore,Madhya Pradesh,Technology,Phones,4122.16,7,0.1,933.06
IND-10527,2022-01-30,2022-02-01,Second Class,Deepak Chatterjee,Home Office,Madurai,Tamil Nadu,Office Supplies,Labels,965.43,7,0.3,-45.39
IND-10528,2021-01-01,2021-01-04,First Class,Priya Mishra,Consumer,Agra,Uttar Pradesh,Technology,Machines,879.28,6,0.2,227.09
IND-10529,2023-06-16,2023-06-17,Same Day,Anjali Sharma,Corporate,Madurai,Tamil Nadu,TECHNOLOGY,Copiers,2074.73,2,0.2,463.76
IND-10530,2021-08-15,2021-08-17,Same Day,,Corporate,Jaipur,Rajasthan,Furniture,Furnishings,3624.36,5,0.3,-163.95
IND-10531,2022-11-07,2022-11-08,Second Class,Suresh Tiwari,Corporate,Jaipur,Rajasthan,Office Supplies,Labels,4862.9,5,0.3,301.38
IND-10532,2021-04-30,2021-05-03,Standard Class,Neha Patel,Home Office,Jaipur,Rajasthan,Office Supplies,Art,1096.73,6,0.2,217.86
IND-10533,2021-04-29,2021-05-03,Standard Class,Manish Verma,Corporate,Udaipur,Rajasthan,Technology,Accessories,2639.09,6,0.4,-170.91
IND-10534,2021-06-06,2021-06-10,Second Class,Sneha Patel,Consumer,Mysuru,Karnataka,Office Supplies,Art,4026.97,6,0.1,442.6
IND-10535,2022-03-02,2022-03-03,Same Day,Kavita Kapoor,Home Office,Vadodara,Gujarat,Office Supplies,Art,4415.86,2,0.0,1118.78
IND-10536,2023-03-15,2023-03-17,Standard Class,Amit Patel,Consumer,Chennai,Tamil Nadu,Office Supplies,Labels,1312.33,2,0.1,140.55
IND-10537,2023-05-04,2023-05-06,First Class,Vikas Bansal,Home Office,Coimbatore,Tamil Nadu,Technology,Copiers,2261.95,7,0.1,606.3
IND-10538,2021-06-23,2021-06-27,Same Day,Suresh Kapoor,Home Office,Indore,Madhya Pradesh,Furniture,Bookcases,4066.37,9,0.3,-116.53
IND-10539,2023-05-07,2023-05-09,First Class,,Home Office,Surat,Gujarat,Office Supplies,Art,1634.08,3,0.4,211.17
IND-10540,2022-03-21,2022-03-22,Standard Class,Rahul Yadav,Home Office,Agra,Uttar Pradesh,OFFICE SUPPLIES,Art,4728.28,2,0.1,390.74
IND-10541,2021-08-03,2021-08-07,Second Class,Nitin Jain,Consumer,Howrah,West Bengal,Office Supplies,Labels,2448.45,1,0.1,539.79
IND-10542,2021-03-29,2021-04-01,First Class,Ankit Kumar,Home Office,Surat,Gujarat,Furniture,Chairs,1875.0,4,0.1,596.09
IND-10543,2022-04-22,2022-04-23,First Class,Pooja Agarwal,Home Office,Bhopal,Madhya Pradesh,Office Supplies,Paper,2436.04,8,0.4,-179.2
IND-10544,2021-09-01,2021-09-03,Standard Class,Priya Saxena,Home Office,Agra,Uttar Pradesh,Technology,Machines,2096.71,1,0.3,89.55
IND-10545,2022-01-12,2022-01-14,Second Class,Kiran Saxena,Consumer,Vadodara,Gujarat,Office Supplies,Art,2569.94,6,0.0,444.49
IND-10546,2021-01-12,2021-01-13,Standard Class,Rohit Agarwal,Home Office,Indore,Madhya Pradesh,Furniture,Tables,4745.32,8,0.0,1243.01
IND-10547,2023-06-05,2023-06-09,Standard Class,,Corporate,Bhopal,Madhya Pradesh,Technology,Copiers,2601.89,2,0.2,519.89
IND-10548,2022-02-11,2022-02-12,First Class,Deepak Kumar,Home Office,Vadodara,Gujarat,Furniture,Bookcases,3719.17,3,0.4,118.07
IND-10549,2023-04-15,2023-04-17,First Class,Sneha Mishra,Corporate,Surat,Gujarat,Office Supplies,Binders,1466.36,5,0.0,370.25
IND-10550,2021-04-04,2021-04-06,Second Class,Nitin Jain,Home Office,Howrah,West Bengal,Office Supplies,Binders,4907.09,6,0.2,366.55
IND-10551,2021-12-26,2021-12-28,Second Class,Neha Bansal,Corporate,Kolkata,West Bengal,OFFICE SUPPLIES,Binders,3676.93,6,0.3,699.7
IND-10552,2023-05-24,2023-05-25,Same Day,Sneha Mishra,Home Office,Indore,Madhya Pradesh,Furniture,Bookcases,4894.38,1,0.4,134.54
IND-10553,2021-11-07,2021-11-11,Standard Class,Rahul Bansal,Home Office,New Delhi,Delhi,Office Supplies,Storage,2332.17,9,0.4,-39.53
IND-10554,2022-11-14,2022-11-17,First Class,Pooja Gupta,Home Office,New Delhi,Delhi,Technology,Copiers,"2,338.28",1,0.0,534.79
IND-10555,2023-02-02,2023-02-05,First Class,Rohit Patel,Home Office,Nashik,Maharashtra,Technology,Phones,581.04,8,0.0,229.88
IND-10556,2022-01-28,2022-01-31,Same Day,Priya Saxena,Corporate,Nashik,Maharashtra,Office Supplies,Art,720.71,1,0.3,60.37
IND-10557,2022-11-10,2022-11-11,Same Day,Anjali Singh,Consumer,Ahmedabad,Gujarat,Technology,Accessories,3819.85,2,0.0,965.74
IND-10558,2021-04-01,2021-04-02,Standard Class,Arjun Sharma,Home Office,Vadodara,Gujarat,Furniture,Furnishings,840.7,2,0.3,129.39
IND-10559,2021-05-26,2021-05-29,Second Class,Kiran Mehta,Home Office,Madurai,Tamil Nadu,Office Supplies,Storage,1743.52,2,0.0,236.79
IND-10560,2021-05-25,2021-05-29,Standard Class,Anjali Verma,Home Office,Bengaluru,Karnataka,Furniture,Tables,4469.26,1,0.3,984.7
IND-10561,2022-08-07,2022-08-09,First Class,Suresh Iyer,Home Office,Howrah,  west bengal  ,Furniture,Furnishings,4223.78,1,0.4,195.46
IND-10562,2022-09-23,2022-09-26,Second Class,Anjali Yadav,Corporate,Indore,Madhya Pradesh,Technology,Accessories,543.09,5,0.0,216.02
IND-10563,2021-02-26,2021-02-27,Standard Class,Kavita Kumar,Consumer,Nagpur,Maharashtra,Furniture,Chairs,4596.47,7,0.3,744.97
IND-10564,2021-09-03,2021-09-06,Standard Class,Sunita Chatterjee,Home Office,Jaipur,Rajasthan,Office Supplies,Art,1353.16,2,0.0,449.5
IND-10565,2023-02-12,2023-02-13,Standard Class,Deepak Joshi,Corporate,Lucknow,  uttar pradesh  ,Technology,Machines,4748.89,7,0.4,265.93
IND-10566,2023-02-06,2023-02-08,Second Class,Vivek Kumar,Corporate,Surat,Gujarat,Technology,Accessories,3015.14,1,0.0,881.25
IND-10567,2021-06-24,not available,Standard Class,Arjun Mehta,Corporate,Bhopal,Madhya Pradesh,Furniture,Tables,4185.84,5,0.0,1078.9
IND-10568,2021-03-09,2021-03-10,Standard Class,Kiran Yadav,Corporate,Ahmedabad,Gujarat,Technology,Copiers,1305.09,5,0.1,385.24
IND-10569,2021-08-29,2021-09-02,First Class,Vivek Chauhan,Home Office,Howrah,West Bengal,Furniture,Chairs,1507.6,7,0.3,68.09
IND-10570,2022-12-29,2022-12-31,Second Class,Ritu Jain,Home Office,New Delhi,Delhi,Technology,Machines,4818.1,7,0.4,509.83
IND-10571,2023-03-08,2023-03-10,Second Class,Vikas Mishra,Consumer,Jaipur,Rajasthan,Office Supplies,Labels,4116.44,7,0.2,212.33
IND-10572,2022-11-16,2022-11-17,Same Day,Manish Kumar,Corporate,New Delhi,Delhi,FURNITURE,Chairs,1202.43,8,0.4,-45.78
IND-10573,2021-10-20,2021-10-22,Standard Class,Nitin Sharma,Consumer,,Tamil Nadu,Technology,Copiers,4964.81,4,0.3,1058.47
IND-10574,01/02/2021,2021-02-02,First Class,Vivek Tiwari,Home Office,Ahmedabad,  gujarat  ,Office Supplies,Binders,1300.37,8,0.0,219.11
IND-10575,2021-11-01,2021-11-02,First Class,,Consumer,Mangalore,Karnataka,Technology,Copiers,4499.07,4,0.0,607.16
IND-10576,2022-07-07,2022-07-11,Standard Class,Sunita Yadav,Corporate,Mangalore,Karnataka,Office Supplies,Storage,1546.58,9,0.4,-76.61
IND-10577,2022-09-27,2022-09-28,Same Day,Suresh Chauhan,Corporate,Pune,Maharashtra,Office Supplies,Storage,4626.21,4,0.2,1387.24
IND-10578,2021-07-07,2021-07-10,Same Day,Manish Tiwari,Corporate,Jaipur,Rajasthan,Furniture,Bookcases,1229.36,6,0.0,143.76
IND-10579,2021-09-13,2021-09-15,Same Day,Priya Patel,Corporate,Kanpur,Uttar Pradesh,Technology,Copiers,3965.15,6,0.2,312.97
IND-10580,2021-11-17,2021-11-18,Second Class,Kiran Bansal,Corporate,Bengaluru,Karnataka,Furniture,Chairs,1511.74,2,0.3,183.78
IND-10581,2021-01-29,2021-01-30,Standard Class,,Home Office,Lucknow,Uttar Pradesh,Furniture,Furnishings,3348.14,5,0.1,770.76
IND-10582,2021-01-08,2021-01-11,Same Day,Deepak Kumar,Consumer,Nagpur,Maharashtra,Office Supplies,Labels,2660.25,5,0.1,215.46
IND-10583,2022-07-10,2022-07-13,Standard Class,Vikas Chatterjee,Consumer,Chennai,Tamil Nadu,Office Supplies,Storage,2055.37,5,0.1,383.63
IND-10584,2021-12-13,2021-12-14,Same Day,Suresh Chatterjee,Home Office,Coimbatore,Tamil Nadu,Office Supplies,Labels,3403.06,5,0.1,615.63
IND-10585,2021-05-14,2021-05-16,Second Class,Deepak Saxena,Home Office,,Uttar Pradesh,Furniture,Furnishings,2816.82,3,0.0,404.5
IND-10586,2021-11-29,2021-12-01,Same Day,Suresh Joshi,Consumer,Bengaluru,Karnataka,Office Supplies,Labels,3596.41,4,0.1,1111.64
IND-10587,2023-04-14,2023-04-17,Standard Class,Pooja Yadav,Consumer,Agra,Uttar Pradesh,TECHNOLOGY,Accessories,1930.65,9,0.1,367.94
IND-10588,2021-08-02,2021-08-05,Same Day,Pooja Joshi,Home Office,Lucknow,Uttar Pradesh,Office Supplies,Binders,2388.83,4,0.2,160.16
IND-10589,2022-08-25,2022-08-29,Second Class,Sunita Sharma,Corporate,Agra,Uttar Pradesh,OFFICE SUPPLIES,Binders,4823.57,8,0.4,728.11
IND-10590,2022-11-24,2022-11-25,Second Class,Nitin Kapoor,Corporate,Mumbai,  maharashtra  ,Furniture,Tables,2612.77,8,0.3,527.99
IND-10591,2021-03-31,2021-04-04,Standard Class,Vivek Gupta,Home Office,Nashik,Maharashtra,Furniture,Chairs,4675.75,1,0.4,580.73
IND-10592,2022-01-14,2022-01-15,First Class,Sunita Mishra,Home Office,,Madhya Pradesh,Technology,Phones,1727.25,9,0.3,28.0
IND-10593,2021-01-22,2021-01-23,Same Day,Manish Yadav,Home Office,Kanpur,Uttar Pradesh,Furniture,Tables,3545.97,9,0.0,949.08
IND-10594,07/09/2022,2022-09-09,Standard Class,Vivek Kapoor,Corporate,Madurai,Tamil Nadu,Office Supplies,Binders,3970.63,8,0.4,520.36
IND-10595,2021-04-18,2021-04-20,Standard Class,Suresh Tiwari,Corporate,Mumbai,Maharashtra,Technology,Accessories,1851.45,7,0.0,455.57
IND-10596,2022-01-12,2022-01-15,Same Day,Nitin Chatterjee,Corporate,New Delhi,Delhi,Office Supplies,Paper,557.26,8,0.3,37.94
IND-10597,2021-06-15,2021-06-18,Standard Class,Vikas Iyer,Consumer,Chennai,Tamil Nadu,Furniture,Chairs,3632.05,9,0.3,313.6
IND-10598,2023-03-05,2023-03-06,Second Class,Suresh Sharma,Consumer,Indore,Madhya Pradesh,Office Supplies,Storage,1361.41,6,0.4,169.7
IND-10599,2022-01-18,2022-01-20,Second Class,Nitin Agarwal,Corporate,Kanpur,Uttar Pradesh,Office Supplies,Binders,2397.51,5,0.3,22.26
IND-10600,2022-08-04,2022-08-07,First Class,Amit Chauhan,Corporate,New Delhi,Delhi,Office Supplies,Art,2227.8,5,0.1,569.61
IND-10601,2022-02-18,2022-02-22,Same Day,Nitin Chauhan,Corporate,Pune,Maharashtra,Office Supplies,Paper,2300.24,7,0.3,501.52
IND-10602,2021-05-31,2021-06-03,Standard Class,Kavita Joshi,Home Office,Chennai,  tamil nadu  ,Office Supplies,Labels,3564.72,4,0.0,743.24
IND-10603,2021-02-02,2021-02-06,First Class,Suresh Bansal,Consumer,Surat,Gujarat,Furniture,Tables,304.49,7,0.2,88.58
IND-10604,2023-04-12,2023-04-13,First Class,Sneha Gupta,Home Office,Mumbai,Maharashtra,Office Supplies,Storage,3180.87,1,0.3,504.42
IND-10605,2022-04-16,2022-04-18,Standard Class,Vivek Joshi,Corporate,Nashik,Maharashtra,Furniture,Tables,3469.18,2,0.1,216.8
IND-10606,2023-01-09,2023-01-10,Second Class,Anjali Sharma,Home Office,Bhopal,Madhya Pradesh,Technology,Accessories,1432.67,8,0.0,363.78
IND-10607,2021-01-11,2021-01-14,Second Class,Nitin Jain,Home Office,New Delhi,Delhi,Technology,Phones,2620.34,2,0.4,239.31
IND-10608,2021-11-30,2021-12-02,Same Day,Pooja Chauhan,Corporate,Mangalore,  karnataka  ,Technology,Copiers,541.81,7,0.3,76.71
IND-10609,2022-11-07,2022-11-11,First Class,Nitin Chatterjee,Consumer,Lucknow,Uttar Pradesh,Technology,Accessories,4502.34,8,0.0,1018.78
IND-10610,2022-07-05,2022-07-09,First Class,Suresh Gupta,Home Office,Mumbai,Maharashtra,Technology,Machines,403.35,4,0.2,92.05
IND-10611,2021-12-26,2021-12-30,Standard Class,Ankit Bansal,Consumer,Mumbai,Maharashtra,Furniture,Bookcases,3275.53,4,0.4,223.09
IND-10612,2022-09-17,2022-09-20,Standard Class,,Corporate,Udaipur,Rajasthan,Office Supplies,Paper,1673.14,1,0.2,369.19
IND-10613,2022-04-10,2022-04-11,Same Day,Kavita Chauhan,Consumer,Kolkata,West Bengal,Office Supplies,Binders,2801.35,9,0.2,700.31
IND-10614,2022-05-28,2022-05-30,Second Class,Sneha Chauhan,Corporate,Agra,Uttar Pradesh,Furniture,Chairs,"1,394.40",2,0.3,43.57
IND-10615,2021-03-24,2021-03-28,Second Class,Kiran Agarwal,Home Office,Kanpur,Uttar Pradesh,Furniture,Chairs,4458.32,2,0.1,1268.2
IND-10616,2023-02-14,2023-02-15,Same Day,Vikas Verma,Corporate,New Delhi,Delhi,Furniture,Tables,1416.33,3,0.3,-66.6
IND-10617,2021-09-16,2021-09-20,Standard Class,Suresh Agarwal,Consumer,New Delhi,Delhi,Technology,Accessories,537.61,7,0.0,186.65
IND-10618,2021-01-15,2021-01-19,Second Class,Ankit Tiwari,Home Office,New Delhi,Delhi,Office Supplies,Art,3738.91,1,0.3,55.65
IND-10619,2022-11-18,2022-11-22,Standard Class,Pooja Patel,Corporate,New Delhi,Delhi,OFFICE SUPPLIES,Paper,4029.97,4,0.4,43.09
IND-10620,2021-11-19,2021-11-23,Second Class,Priya Tiwari,Consumer,Kolkata,West Bengal,Furniture,Tables,1176.54,7,0.4,8.78
IND-10621,2021-10-15,2021-10-18,Standard Class,Priya Tiwari,Consumer,Udaipur,  rajasthan  ,Furniture,Chairs,616.99,6,0.3,144.72
IND-10622,2021-03-19,2021-03-22,Same Day,,Corporate,New Delhi,Delhi,Office Supplies,Storage,1012.38,9,0.3,175.91
IND-10623,2022-04-22,2022-04-24,Standard Class,Deepak Saxena,Consumer,Indore,Madhya Pradesh,Furniture,Furnishings,2743.29,9,0.1,932.28
IND-10624,2021-06-19,2021-06-21,Standard Class,Manish Gupta,Corporate,Coimbatore,Tamil Nadu,Office Supplies,Binders,1703.5,5,0.0,422.84
IND-10625,2021-06-04,2021-06-08,First Class,Vivek Verma,Consumer,Surat,Gujarat,Office Supplies,Paper,1680.95,9,0.0,604.56
IND-10626,2022-09-08,2022-09-11,Same Day,Vikas Verma,Corporate,Bhopal,Madhya Pradesh,Office Supplies,Paper,3977.38,1,0.3,381.87
IND-10627,2023-02-26,2023-03-01,First Class,Manish Yadav,Consumer,Bhopal,Madhya Pradesh,Furniture,Tables,1029.04,7,0.2,282.96
IND-10628,2021-12-07,not available,Second Class,Suresh Jain,Home Office,Udaipur,  rajasthan  ,Office Supplies,Storage,1724.81,3,0.4,-113.13
IND-10629,2022-06-20,2022-06-21,First Class,Suresh Yadav,Home Office,Ahmedabad,Gujarat,Furniture,Bookcases,3764.3,4,0.4,354.6
IND-10630,2022-11-27,2022-11-30,Standard Class,Arjun Sharma,Home Office,Udaipur,Rajasthan,Office Supplies,Paper,2390.71,4,0.0,700.08
IND-10631,2021-12-15,2021-12-19,Same Day,Nitin Singh,Home Office,Jaipur,Rajasthan,Technology,Accessories,1023.4,9,0.1,334.09
IND-10632,2023-06-11,2023-06-14,Standard Class,Sneha Patel,Home Office,Ahmedabad,Gujarat,Office Supplies,Art,4021.37,2,0.0,627.6
IND-10633,2022-05-21,2022-05-24,Standard Class,Sunita Kumar,Consumer,Chennai,Tamil Nadu,Technology,Machines,4027.27,9,0.1,691.07
IND-10634,2022-12-21,2022-12-24,First Class,Kavita Chatterjee,Consumer,New Delhi,Delhi,Furniture,Tables,3615.44,9,0.2,387.98
IND-10635,2023-03-25,2023-03-29,Standard Class,Sneha Saxena,Consumer,Nashik,Maharashtra,Furniture,Tables,1940.57,3,0.2,246.36
IND-10636,2023-05-16,2023-05-18,Same Day,Manish Iyer,Consumer,,Maharashtra,Office Supplies,Labels,4162.43,6,0.4,344.18
IND-10637,2023-02-09,2023-02-12,Same Day,Neha Joshi,Corporate,Coimbatore,Tamil Nadu,Furniture,Bookcases,3415.66,2,0.1,184.98
IND-10638,2023-03-04,2023-03-07,Same Day,Amit Chatterjee,Corporate,Agra,Uttar Pradesh,Furniture,Bookcases,4787.58,7,N/A,934.92
IND-10639,2022-09-08,2022-09-09,First Class,Nitin Jain,Corporate,Bengaluru,Karnataka,Furniture,Tables,337.43,7,0.0,103.07
IND-10640,2023-04-07,2023-04-08,Second Class,Vivek Yadav,Corporate,Indore,Madhya Pradesh,Furniture,Bookcases,1674.61,6,0.2,486.85
IND-10641,16/03/2023,2023-03-18,First Class,Rahul Patel,Consumer,Kolkata,West Bengal,Furniture,Tables,3187.91,4,0.0,442.77
IND-10642,2022-07-09,2022-07-11,Same Day,,Home Office,Kolkata,West Bengal,Furniture,Furnishings,4375.06,7,0.2,103.34
IND-10643,2021-02-17,2021-02-18,Same Day,Vikas Verma,Corporate,Chennai,Tamil Nadu,TECHNOLOGY,Copiers,1701.11,4,0.4,2.32
IND-10644,2023-05-05,not available,First Class,Rohit Singh,Corporate,Mumbai,Maharashtra,Office Supplies,Binders,3337.51,6,0.1,588.07
IND-10645,04/03/2022,2022-03-08,Standard Class,Sunita Joshi,Corporate,Nashik,Maharashtra,Office Supplies,Labels,988.5,5,0.1,111.1
IND-10646,2023-06-17,2023-06-18,Same Day,Suresh Chatterjee,Corporate,Indore,Madhya Pradesh,Technology,Accessories,1458.73,5,0.0,541.49
IND-10647,2022-08-20,2022-08-24,Second Class,Ritu Tiwari,Home Office,Kolkata,West Bengal,Technology,Copiers,2654.43,5,0.3,120.35
IND-10648,2021-07-20,2021-07-21,Same Day,Manish Chauhan,Consumer,New Delhi,Delhi,Technology,Phones,2280.9,9,0.4,-77.62
IND-10649,2021-12-10,2021-12-12,Same Day,Kavita Joshi,Corporate,Udaipur,Rajasthan,Office Supplies,Paper,589.55,8,0.2,156.14
IND-10650,2022-11-18,2022-11-22,Same Day,Ankit Joshi,Corporate,Pune,  maharashtra  ,Technology,Machines,711.29,8,0.4,-57.73
IND-10651,2023-03-31,2023-04-01,First Class,Ankit Joshi,Home Office,Surat,Gujarat,Technology,Machines,3702.61,6,0.0,898.81
IND-10652,2022-01-17,2022-01-21,Second Class,Priya Iyer,Corporate,Coimbatore,  tamil nadu  ,Furniture,Chairs,3295.14,4,0.2,84.57
IND-10653,2022-06-24,2022-06-28,First Class,Kiran Bansal,Corporate,Nashik,Maharashtra,Technology,Machines,4162.24,6,0.4,807.47
IND-10654,2021-10-19,2021-10-23,Second Class,Deepak Sharma,Home Office,Vadodara,Gujarat,Office Supplies,Art,4501.89,3,0.0,1039.26
IND-10655,2021-07-26,2021-07-30,First Class,Vivek Kumar,Home Office,Mysuru,Karnataka,Office Supplies,Binders,3859.41,5,0.1,1296.6
IND-10656,2021-05-31,2021-06-03,First Class,Anjali Mehta,Consumer,,Tamil Nadu,Technology,Accessories,3937.94,7,0.2,3.5
IND-10657,2022-09-21,2022-09-22,Second Class,Amit Iyer,Home Office,Nashik,Maharashtra,Technology,Phones,757.02,7,0.3,150.06
IND-10658,2022-08-25,2022-08-29,Standard Class,Rohit Gupta,Home Office,Howrah,West Bengal,Furniture,Chairs,3593.97,4,0.0,636.73
IND-10659,2021-04-28,2021-05-02,Second Class,Neha Joshi,Consumer,Chennai,Tamil Nadu,Furniture,Tables,4346.29,8,0.2,355.74
IND-10660,2022-12-03,2022-12-04,Second Class,Ankit Saxena,Corporate,Lucknow,Uttar Pradesh,Furniture,Chairs,3438.04,2,0.1,956.77
IND-10661,2023-03-05,2023-03-08,Same Day,Deepak Mehta,Corporate,Nagpur,Maharashtra,Office Supplies,Art,2019.15,3,0.2,108.81
IND-10662,2022-06-27,2022-06-28,First Class,Suresh Gupta,Home Office,Lucknow,Uttar Pradesh,Office Supplies,Paper,3061.39,9,0.2,742.73
IND-10663,2021-04-17,2021-04-21,First Class,Arjun Saxena,Consumer,Noida,Uttar Pradesh,Furniture,Bookcases,709.03,4,0.2,30.31
IND-10664,2022-08-12,2022-08-15,Second Class,Ritu Mishra,Corporate,Madurai,Tamil Nadu,Technology,Phones,2259.98,1,0.1,147.64
IND-10665,2022-03-18,2022-03-22,Same Day,Vikas Gupta,Home Office,Kanpur,Uttar Pradesh,Office Supplies,Binders,2897.37,3,0.1,970.51
IND-10666,2023-05-06,2023-05-09,Same Day,Pooja Iyer,Consumer,Bengaluru,Karnataka,Technology,Machines,212.95,9,0.3,47.73
IND-10667,2023-05-21,2023-05-22,Second Class,Kiran Kumar,Consumer,,Rajasthan,Furniture,Chairs,471.71,7,0.0,68.78
IND-10668,2023-02-01,2023-02-02,Same Day,Arjun Bansal,Corporate,Jaipur,Rajasthan,Office Supplies,Labels,3188.09,1,0.4,-139.65
IND-10669,2021-09-06,2021-09-10,Second Class,Arjun Agarwal,Consumer,Lucknow,Uttar Pradesh,FURNITURE,Chairs,1367.69,8,0.2,98.38
IND-10670,2022-03-20,2022-03-24,First Class,Neha Singh,Consumer,,Rajasthan,FURNITURE,Tables,1753.47,9,0.4,-71.78
IND-10671,2022-08-24,2022-08-25,First Class,,Home Office,Kanpur,Uttar Pradesh,Office Supplies,Art,832.75,1,0.3,3.24
IND-10672,09/12/2021,2021-12-13,Standard Class,Anjali Verma,Corporate,New Delhi,Delhi,Technology,Copiers,3280.33,6,0.1,171.92
IND-10673,2021-06-05,2021-06-06,Second Class,Sunita Sharma,Consumer,Bhopal,Madhya Pradesh,Furniture,Tables,808.89,1,0.1,105.24
IND-10674,2022-01-22,2022-01-25,Same Day,Arjun Agarwal,Consumer,Ahmedabad,Gujarat,Technology,Copiers,4309.4,4,0.2,1173.85
IND-10675,2023-03-30,2023-04-01,Same Day,Deepak Gupta,Corporate,Mumbai,Maharashtra,Technology,Machines,3259.96,9,0.2,817.37
IND-10676,2022-02-07,2022-02-10,Same Day,Ritu Tiwari,Home Office,Bhopal,Madhya Pradesh,Office Supplies,Art,4110.88,3,0.1,629.65
IND-10677,2023-05-26,2023-05-28,Standard Class,Sunita Gupta,Home Office,Udaipur,Rajasthan,Technology,Phones,3729.75,1,0.3,71.83
IND-10678,2022-05-01,2022-05-03,Standard Class,Sunita Iyer,Consumer,New Delhi,Delhi,Furniture,Tables,4046.36,5,0.3,434.81
IND-10679,2022-06-14,2022-06-18,Same Day,Arjun Gupta,Consumer,New Delhi,  delhi  ,Technology,Copiers,1516.28,5,0.3,1.19
IND-10680,2021-02-22,not available,Standard Class,,Home Office,Kolkata,West Bengal,Technology,Phones,663.35,8,0.0,203.45
IND-10681,2022-04-11,2022-04-15,Same Day,Rohit Joshi,Consumer,Mumbai,Maharashtra,Office Supplies,Paper,1552.17,2,0.0,187.68
IND-10682,2022-06-01,2022-06-04,First Class,Vikas Joshi,Corporate,Howrah,West Bengal,Technology,Copiers,3802.8,3,0.1,615.63
IND-10683,2022-08-25,2022-08-29,Same Day,Deepak Joshi,Consumer,,Madhya Pradesh,Furniture,Bookcases,1258.12,5,0.3,127.77
IND-10684,2021-08-10,2021-08-14,Second Class,Manish Saxena,Consumer,New Delhi,Delhi,Office Supplies,Paper,2515.28,3,N/A,287.26
IND-10685,2023-04-24,2023-04-27,First Class,Arjun Saxena,Home Office,Indore,Madhya Pradesh,Furniture,Chairs,4600.24,2,0.3,-130.85
IND-10686,2022-09-06,2022-09-08,Second Class,Kavita Kumar,Home Office,,Karnataka,Office Supplies,Art,4347.76,9,0.1,338.83
IND-10687,2023-02-06,2023-02-07,First Class,Amit Mehta,Home Office,Kolkata,West Bengal,Furniture,Tables,2726.58,7,0.2,211.81
IND-10688,2021-08-12,2021-08-16,First Class,Neha Tiwari,Corporate,Lucknow,  uttar pradesh  ,OFFICE SUPPLIES,Paper,2472.87,5,0.2,194.75
IND-10689,2022-07-25,2022-07-26,Same Day,Anjali Yadav,Consumer,Vadodara,  gujarat  ,Office Supplies,Storage,1290.99,9,0.0,239.19
IND-10690,2022-05-31,2022-06-03,Standard Class,Rohit Singh,Corporate,Agra,Uttar Pradesh,Technology,Accessories,4379.52,7,0.3,-182.34
IND-10691,2022-03-30,2022-04-01,First Class,Ankit Joshi,Home Office,New Delhi,Delhi,Office Supplies,Storage,3812.28,1,0.2,431.42
IND-10692,2021-09-06,2021-09-08,Second Class,Kavita Singh,Home Office,Vadodara,Gujarat,Furniture,Bookcases,738.58,4,0.0,252.67
IND-10693,2023-01-14,2023-01-15,First Class,Deepak Jain,Home Office,Bhopal,Madhya Pradesh,Technology,Machines,1364.69,5,0.4,94.78
IND-10694,2021-03-04,2021-03-05,Second Class,Suresh Yadav,Consumer,Madurai,Tamil Nadu,Office Supplies,Art,4365.41,7,0.1,818.33
IND-10695,2021-01-01,2021-01-02,First Class,Suresh Iyer,Consumer,Ahmedabad,  gujarat  ,Furniture,Tables,3486.76,7,0.1,363.07
IND-10696,2022-05-06,2022-05-08,Same Day,Anjali Saxena,Corporate,Jaipur,Rajasthan,Furniture,Furnishings,3808.39,1,0.4,-193.17
IND-10697,2021-12-31,2022-01-01,First Class,Sneha Chatterjee,Consumer,New Delhi,Delhi,Office Supplies,Art,3474.96,7,0.0,789.97
IND-10698,2021-05-01,2021-05-05,Same Day,Amit Joshi,Consumer,Bhopal,Madhya Pradesh,Office Supplies,Storage,2586.4,9,0.2,742.64
IND-10699,2021-03-21,2021-03-23,Standard Class,Kiran Verma,Corporate,Coimbatore,  tamil nadu  ,Technology,Copiers,3413.13,3,N/A,913.64
IND-10700,2022-03-21,2022-03-24,Same Day,Suresh Patel,Home Office,Kolkata,West Bengal,Technology,Accessories,4601.32,1,0.1,1045.65
IND-10701,2023-01-28,2023-01-31,Standard Class,Pooja Tiwari,Home Office,New Delhi,Delhi,Furniture,Tables,4745.68,9,0.2,687.88
IND-10702,2021-04-11,2021-04-14,Same Day,Manish Chauhan,Corporate,Kolkata,West Bengal,OFFICE SUPPLIES,Binders,748.02,3,0.2,158.51
IND-10703,2021-02-14,2021-02-18,Same Day,Vivek Kapoor,Consumer,Vadodara,Gujarat,Technology,Accessories,2152.06,3,0.3,209.69
IND-10704,2022-10-16,2022-10-20,Second Class,Rohit Sharma,Home Office,Mangalore,Karnataka,Office Supplies,Labels,734.85,7,0.0,79.95
IND-10705,2022-09-01,2022-09-02,Standard Class,Rahul Kumar,Home Office,Bhopal,Madhya Pradesh,Technology,Copiers,1291.44,4,0.2,318.67
IND-10706,2021-04-27,2021-05-01,Second Class,Vivek Kumar,Consumer,Kanpur,Uttar Pradesh,Technology,Machines,2613.21,8,0.1,811.16
IND-10707,2022-07-22,2022-07-23,Same Day,Ankit Iyer,Home Office,Mangalore,Karnataka,Office Supplies,Binders,3658.57,7,0.0,1101.78
IND-10708,2022-04-26,2022-04-29,Second Class,Arjun Jain,Consumer,New Delhi,Delhi,Furniture,Furnishings,3045.0,4,0.3,209.28
IND-10709,2022-11-26,2022-11-28,Second Class,Vivek Mehta,Consumer,Mumbai,Maharashtra,Office Supplies,Paper,2620.67,1,0.3,6.49
IND-10710,2021-11-28,2021-12-02,Second Class,Kiran Yadav,Home Office,Bhopal,Madhya Pradesh,Furniture,Tables,2231.69,4,0.2,219.45
IND-10711,2021-08-24,2021-08-27,Standard Class,Deepak Sharma,Corporate,Jaipur,Rajasthan,Office Supplies,Storage,1599.24,5,0.4,-91.98
IND-10712,2021-07-13,2021-07-14,Second Class,Kavita Jain,Consumer,Mumbai,Maharashtra,Technology,Machines,1708.53,1,0.3,-74.28
IND-10713,19/12/2021,2021-12-20,Second Class,Manish Joshi,Consumer,Madurai,Tamil Nadu,Office Supplies,Storage,2034.05,6,0.0,606.01
IND-10714,2023-01-14,2023-01-18,First Class,Anjali Patel,Home Office,Howrah,West Bengal,Technology,Machines,2818.78,5,0.4,-159.48
IND-10715,2022-01-26,2022-01-27,Second Class,Kiran Chauhan,Consumer,Coimbatore,Tamil Nadu,Furniture,Tables,630.7,5,0.2,155.73
IND-10716,2021-11-01,2021-11-05,Same Day,Sunita Chatterjee,Corporate,Indore,  madhya pradesh  ,Furniture,Furnishings,1809.52,9,0.3,347.22
IND-10717,2022-01-23,2022-01-24,Second Class,Deepak Chatterjee,Home Office,Udaipur,Rajasthan,Office Supplies,Labels,2559.66,8,0.2,464.2
IND-10718,2022-07-22,2022-07-24,Standard Class,Sneha Mishra,Consumer,Mangalore,Karnataka,Furniture,Tables,2757.41,6,0.3,191.82
IND-10719,2021-08-08,2021-08-09,First Class,Sneha Mishra,Home Office,Kolkata,West Bengal,Office Supplies,Storage,624.03,5,0.1,217.04
IND-10720,2022-09-09,2022-09-10,Standard Class,Deepak Tiwari,Home Office,Mysuru,Karnataka,Technology,Phones,4012.43,6,0.1,434.62
IND-10721,2021-10-14,2021-10-18,Second Class,Vivek Sharma,Home Office,Howrah,West Bengal,Technology,Copiers,1152.17,3,0.3,11.51
IND-10722,2023-03-06,2023-03-08,First Class,Kiran Chatterjee,Home Office,Mangalore,Karnataka,Office Supplies,Storage,3541.62,1,0.0,982.99
IND-10723,2021-10-30,2021-11-03,Second Class,Anjali Yadav,Consumer,Coimbatore,Tamil Nadu,Furniture,Furnishings,731.75,8,0.2,119.74
IND-10724,2021-02-25,2021-02-28,Same Day,Neha Tiwari,Home Office,Noida,Uttar Pradesh,Office Supplies,Storage,1911.6,7,0.2,83.76
IND-10725,2022-07-08,2022-07-11,Same Day,Vikas Chauhan,Corporate,Noida,Uttar Pradesh,Technology,Copiers,983.28,2,0.4,-13.11
IND-10726,2023-04-03,2023-04-07,Same Day,Suresh Tiwari,Home Office,Howrah,West Bengal,Furniture,Bookcases,3513.38,7,0.0,1004.03
IND-10727,2022-05-15,2022-05-19,First Class,Deepak Patel,Home Office,Bhopal,Madhya Pradesh,Office Supplies,Art,4667.1,3,0.1,1037.5
IND-10728,2023-03-06,2023-03-07,Second Class,Rahul Singh,Consumer,Kolkata,  west bengal  ,Furniture,Tables,1770.94,1,0.0,437.17
IND-10729,2021-04-02,2021-04-05,Same Day,Neha Yadav,Home Office,New Delhi,Delhi,Furniture,Chairs,905.21,9,0.4,-34.1
IND-10730,2022-12-31,2023-01-04,Second Class,Ritu Kumar,Consumer,Pune,Maharashtra,Technology,Phones,4396.91,4,0.3,987.46
IND-10731,2022-10-24,2022-10-27,Second Class,Nitin Singh,Corporate,Udaipur,Rajasthan,Office Supplies,Binders,1851.12,9,0.3,79.83
IND-10732,2021-08-25,2021-08-28,Standard Class,Rahul Sharma,Corporate,Lucknow,Uttar Pradesh,Furniture,Tables,4920.36,4,0.1,1234.89
IND-10733,2022-12-16,2022-12-20,Standard Class,Rohit Kumar,Home Office,,Karnataka,Office Supplies,Paper,4637.05,6,0.4,313.68
IND-10734,2022-05-13,2022-05-15,Standard Class,Ritu Chauhan,Corporate,,Gujarat,Furniture,Bookcases,1097.57,8,0.0,396.31
IND-10735,2021-12-20,2021-12-24,Same Day,,Consumer,Howrah,West Bengal,Office Supplies,Paper,4574.59,9,0.4,699.2
IND-10736,2021-02-07,2021-02-09,Same Day,Arjun Iyer,Home Office,Bengaluru,Karnataka,Office Supplies,Binders,1773.13,3,0.0,180.43
IND-10737,2023-03-24,2023-03-25,Same Day,Sunita Sharma,Home Office,Agra,Uttar Pradesh,Technology,Phones,1136.37,6,0.3,116.01
IND-10738,2022-11-21,2022-11-24,Second Class,Rahul Bansal,Home Office,Vadodara,Gujarat,Office Supplies,Labels,2796.85,6,0.4,-223.97
IND-10739,2022-12-24,2022-12-27,Second Class,Amit Kapoor,Home Office,Mysuru,Karnataka,Furniture,Furnishings,2822.48,6,0.1,782.78
IND-10740,2021-10-29,2021-10-31,Second Class,Kiran Mishra,Home Office,Bhopal,Madhya Pradesh,Office Supplies,Storage,3202.48,8,0.2,186.88
IND-10741,2023-04-30,2023-05-03,Second Class,Kavita Mishra,Consumer,Howrah,West Bengal,Office Supplies,Labels,2324.62,4,0.0,566.53
IND-10742,2021-11-08,2021-11-09,First Class,Kavita Bansal,Corporate,New Delhi,Delhi,Technology,Phones,4617.79,2,0.3,573.37
IND-10743,2022-05-10,2022-05-14,First Class,Suresh Saxena,Consumer,Ahmedabad,Gujarat,Technology,Machines,2826.79,7,0.2,73.7
IND-10744,2023-02-25,2023-03-01,First Class,,Corporate,Mysuru,Karnataka,Furniture,Furnishings,3889.13,4,0.1,1308.54
IND-10745,2021-08-15,2021-08-17,Standard Class,Priya Mehta,Consumer,Lucknow,Uttar Pradesh,Technology,Accessories,1941.68,1,0.0,649.55
IND-10746,2023-06-06,2023-06-08,Standard Class,Sunita Tiwari,Consumer,Howrah,West Bengal,Technology,Copiers,"1,049.11",5,0.4,30.28
IND-10747,2022-08-13,2022-08-16,Second Class,Suresh Mehta,Corporate,Agra,Uttar Pradesh,Technology,Copiers,3106.85,6,0.2,577.35
IND-10748,2021-03-04,2021-03-05,First Class,Sunita Chauhan,Corporate,Ahmedabad,Gujarat,Technology,Machines,220.75,4,0.0,62.96
IND-10749,2022-07-14,2022-07-16,First Class,Rahul Iyer,Home Office,Jaipur,Rajasthan,Furniture,Tables,2278.27,6,N/A,208.74
IND-10750,2021-03-11,2021-03-13,Second Class,Neha Kapoor,Consumer,Mysuru,Karnataka,Technology,Machines,2145.78,7,0.0,771.94
IND-10751,2022-02-11,2022-02-13,Standard Class,Rahul Kumar,Corporate,Udaipur,Rajasthan,Furniture,Chairs,1275.19,8,0.4,-18.29
IND-10752,2022-07-07,2022-07-08,First Class,Nitin Patel,Consumer,Jaipur,Rajasthan,Technology,Copiers,3480.13,4,0.2,46.73
IND-10753,2023-03-31,2023-04-04,First Class,Rohit Patel,Consumer,Pune,Maharashtra,Technology,Copiers,2130.51,6,0.0,285.61
IND-10754,2022-08-01,2022-08-04,Standard Class,Pooja Patel,Home Office,Jaipur,Rajasthan,Office Supplies,Art,4751.32,6,0.2,325.3
IND-10755,2021-02-02,2021-02-03,Same Day,Manish Yadav,Corporate,New Delhi,Delhi,TECHNOLOGY,Machines,880.28,4,0.2,4.14
IND-10756,2021-06-30,2021-07-03,Same Day,Pooja Jain,Corporate,Udaipur,Rajasthan,Technology,Phones,335.01,7,0.0,52.67
IND-10757,2022-01-07,2022-01-08,Standard Class,Vivek Chauhan,Corporate,Bhopal,Madhya Pradesh,OFFICE SUPPLIES,Paper,2080.65,5,0.4,332.13
IND-10758,2022-12-13,2022-12-15,Same Day,Neha Chatterjee,Corporate,Bengaluru,Karnataka,Office Supplies,Storage,3010.45,3,0.2,582.23
IND-10759,2021-01-30,2021-02-01,Second Class,Kavita Yadav,Corporate,Nashik,Maharashtra,Technology,Copiers,3688.44,7,0.2,524.74
IND-10760,2021-03-18,not available,First Class,Kavita Mishra,Home Office,Kolkata,West Bengal,Furniture,Furnishings,935.54,3,0.0,177.01
IND-10761,2021-12-23,2021-12-24,First Class,Manish Jain,Consumer,Bhopal,Madhya Pradesh,Office Supplies,Binders,1984.93,8,0.0,607.21
IND-10762,2021-01-01,2021-01-02,First Class,Deepak Kumar,Home Office,,Delhi,Technology,Copiers,1252.23,2,0.1,365.62
IND-10763,2021-08-18,2021-08-20,First Class,Anjali Joshi,Home Office,Mysuru,Karnataka,Furniture,Tables,3572.32,8,0.0,1162.13
IND-10764,2021-01-03,2021-01-07,Standard Class,Manish Kapoor,Home Office,Nashik,Maharashtra,FURNITURE,Tables,2110.95,2,0.4,30.9
IND-10765,2023-03-27,2023-03-29,First Class,Vikas Kumar,Home Office,Pune,Maharashtra,Technology,Phones,2148.49,8,0.3,-101.98
IND-10766,2021-12-08,2021-12-11,Standard Class,Neha Chauhan,Home Office,Noida,Uttar Pradesh,Furniture,Furnishings,3795.47,4,0.1,1100.51
IND-10767,2023-03-02,2023-03-06,Second Class,Amit Chatterjee,Consumer,Agra,Uttar Pradesh,Office Supplies,Labels,1758.19,2,0.1,317.44
IND-10768,26/11/2021,2021-11-28,Standard Class,Neha Chatterjee,Home Office,Bengaluru,Karnataka,Furniture,Tables,1754.57,8,0.3,-50.42
IND-10769,2023-05-05,2023-05-06,Same Day,Amit Gupta,Home Office,Indore,Madhya Pradesh,Technology,Machines,1327.32,1,0.2,265.49
IND-10770,2021-04-30,2021-05-04,Second Class,Ritu Tiwari,Home Office,Kolkata,West Bengal,Technology,Copiers,1192.48,3,0.0,128.38
IND-10771,2022-03-14,2022-03-16,Same Day,Rohit Tiwari,Home Office,Lucknow,Uttar Pradesh,Furniture,Furnishings,3962.77,8,0.3,554.2
IND-10772,2023-05-06,2023-05-08,First Class,,Consumer,Vadodara,Gujarat,Furniture,Bookcases,1924.09,4,0.1,669.09
IND-10773,2021-02-22,2021-02-23,Standard Class,Kiran Yadav,Consumer,Bengaluru,Karnataka,Furniture,Tables,1457.22,6,0.0,262.41
IND-10774,2023-02-18,2023-02-20,Same Day,Sunita Bansal,Consumer,New Delhi,Delhi,Technology,Machines,1750.29,7,0.4,102.35
IND-10775,2021-05-17,2021-05-21,Second Class,,Corporate,Kanpur,Uttar Pradesh,Office Supplies,Paper,1982.6,6,0.4,334.73
IND-10776,2023-04-24,2023-04-25,Same Day,Ritu Chauhan,Corporate,Chennai,Tamil Nadu,Office Supplies,Labels,3137.9,1,0.2,187.45
IND-10777,2022-09-24,2022-09-26,Same Day,Arjun Joshi,Consumer,Kanpur,Uttar Pradesh,Technology,Phones,626.31,7,0.4,26.48
IND-10778,2021-10-23,2021-10-26,Standard Class,Kavita Gupta,Corporate,Bengaluru,  karnataka  ,Furniture,Bookcases,2524.5,8,0.2,455.07
IND-10779,2023-04-05,2023-04-07,Same Day,Pooja Singh,Consumer,,Maharashtra,Office Supplies,Binders,1114.14,3,0.2,99.78
IND-10780,2021-11-20,2021-11-24,Same Day,Rohit Chatterjee,Consumer,New Delhi,Delhi,Office Supplies,Binders,4054.4,8,N/A,319.67
IND-10781,2022-05-11,2022-05-13,Standard Class,Anjali Kapoor,Consumer,Jaipur,Rajasthan,Technology,Accessories,3190.92,6,0.2,351.82
IND-10782,2022-09-20,2022-09-23,Same Day,Rohit Joshi,Home Office,Ahmedabad,Gujarat,Furniture,Tables,2917.46,6,0.2,26.24
IND-10783,2023-04-20,2023-04-21,Standard Class,Pooja Jain,Consumer,Coimbatore,  tamil nadu  ,OFFICE SUPPLIES,Storage,2481.7,8,0.3,603.41
IND-10784,2022-09-17,2022-09-18,Second Class,Ritu Gupta,Home Office,Madurai,Tamil Nadu,Office Supplies,Binders,3865.18,3,0.4,198.35
IND-10785,2023-02-24,2023-02-28,First Class,Kavita Joshi,Consumer,New Delhi,Delhi,Office Supplies,Paper,4306.23,7,0.0,515.23
IND-10786,2022-08-06,2022-08-07,Standard Class,Ankit Gupta,Consumer,Howrah,West Bengal,Technology,Machines,4273.41,7,0.2,1266.37
IND-10787,2023-02-15,2023-02-16,Same Day,Arjun Saxena,Corporate,Kanpur,Uttar Pradesh,Office Supplies,Binders,4001.76,4,0.2,305.06
IND-10788,2021-11-30,2021-12-02,Same Day,Anjali Gupta,Home Office,Chennai,Tamil Nadu,Technology,Machines,3849.67,9,0.4,324.37
IND-10789,2021-01-17,2021-01-21,Same Day,Ritu Singh,Home Office,Jaipur,Rajasthan,Furniture,Chairs,891.35,6,0.3,176.2
IND-10790,2023-02-04,2023-02-07,Standard Class,Vikas Chauhan,Consumer,Kanpur,Uttar Pradesh,Technology,Phones,2259.78,8,0.2,394.46
IND-10791,2021-01-03,2021-01-05,First Class,Rohit Tiwari,Corporate,Kanpur,Uttar Pradesh,Technology,Copiers,365.43,5,0.0,108.59
IND-10792,2021-12-26,2021-12-27,Second Class,Amit Singh,Consumer,New Delhi,Delhi,Office Supplies,Storage,1304.79,1,0.2,86.44
IND-10793,2022-10-07,2022-10-11,First Class,Vikas Yadav,Corporate,Indore,Madhya Pradesh,Furniture,Tables,2342.58,7,0.0,601.87
IND-10794,2021-01-30,2021-02-01,Standard Class,,Corporate,Pune,Maharashtra,Furniture,Tables,4642.21,8,0.0,644.17
IND-10795,2021-08-18,2021-08-22,Second Class,Anjali Kapoor,Consumer,Vadodara,  gujarat  ,Technology,Machines,1010.13,3,0.3,-1.12
IND-10796,2021-11-30,2021-12-04,First Class,Arjun Bansal,Home Office,Udaipur,Rajasthan,Furniture,Bookcases,3762.51,5,0.1,262.37
IND-10797,2021-07-11,2021-07-13,Second Class,Arjun Sharma,Corporate,Madurai,Tamil Nadu,Office Supplies,Labels,2041.62,6,0.1,149.52
IND-10798,2023-03-04,2023-03-05,First Class,Vikas Jain,Corporate,Kolkata,West Bengal,Furniture,Bookcases,969.54,9,0.0,194.26
IND-10799,2021-07-12,2021-07-16,First Class,Anjali Mishra,Home Office,Indore,Madhya Pradesh,Furniture,Furnishings,1386.3,6,0.3,111.36
IND-10800,2022-12-27,2022-12-31,Second Class,Sunita Tiwari,Home Office,Noida,  uttar pradesh  ,Office Supplies,Art,1776.28,9,0.0,594.77
IND-10801,2023-05-18,2023-05-22,First Class,Manish Joshi,Corporate,New Delhi,Delhi,Office Supplies,Binders,2747.89,8,0.4,-45.56
IND-10802,2021-04-18,2021-04-20,First Class,,Corporate,New Delhi,Delhi,Technology,Phones,2242.46,1,0.0,571.33
IND-10803,2021-08-28,2021-08-31,First Class,Pooja Chauhan,Corporate,Surat,Gujarat,Furniture,Furnishings,4626.21,9,0.0,994.36
IND-10804,2021-08-07,2021-08-11,Same Day,,Consumer,Jaipur,Rajasthan,Technology,Accessories,1441.09,9,0.4,127.88
IND-10805,2023-01-04,2023-01-07,First Class,Ritu Jain,Corporate,New Delhi,Delhi,Furniture,Tables,3820.99,3,0.1,323.72
IND-10806,2022-12-21,2022-12-23,Second Class,Rohit Tiwari,Corporate,Kolkata,West Bengal,Office Supplies,Paper,4046.75,3,0.3,782.97
IND-10807,2022-10-07,2022-10-08,Second Class,Rahul Pandey,Corporate,Kanpur,Uttar Pradesh,Office Supplies,Binders,4065.07,1,0.3,-99.14
IND-10808,2021-05-30,2021-06-01,Standard Class,Vikas Mehta,Corporate,Chennai,Tamil Nadu,Office Supplies,Labels,1092.87,2,0.3,-30.17
IND-10809,2021-08-27,2021-08-30,Standard Class,Priya Mishra,Consumer,Indore,Madhya Pradesh,Technology,Copiers,4685.97,2,0.4,353.15
IND-10810,2022-10-30,2022-10-31,Standard Class,Kavita Chauhan,Consumer,Kolkata,West Bengal,Technology,Copiers,2688.21,4,0.4,-52.1
IND-10811,05/03/2022,2022-03-08,Second Class,Anjali Yadav,Consumer,Kanpur,Uttar Pradesh,Furniture,Chairs,1273.69,8,0.3,30.06
IND-10812,2022-01-12,2022-01-13,First Class,Vikas Verma,Home Office,Chennai,Tamil Nadu,Office Supplies,Labels,1474.07,8,0.1,157.62
IND-10813,2022-04-04,2022-04-06,Same Day,Vikas Joshi,Consumer,Vadodara,Gujarat,Technology,Phones,"1,040.30",1,0.4,144.5
IND-10814,2022-02-16,2022-02-18,Standard Class,Pooja Yadav,Corporate,Udaipur,Rajasthan,Office Supplies,Art,2059.05,3,0.1,646.8
IND-10815,2022-03-25,2022-03-26,Second Class,Kavita Chatterjee,Consumer,Kolkata,West Bengal,Technology,Machines,1205.23,3,0.1,403.65
IND-10816,2021-03-27,2021-03-29,First Class,Deepak Saxena,Corporate,Kolkata,West Bengal,Technology,Copiers,1682.98,1,0.3,318.63
IND-10817,2023-03-05,2023-03-09,Same Day,Pooja Iyer,Home Office,Lucknow,Uttar Pradesh,Technology,Machines,4715.72,2,0.4,-55.6
IND-10818,2023-05-28,2023-05-31,Same Day,Rohit Yadav,Corporate,Mangalore,Karnataka,Office Supplies,Labels,2189.73,1,0.1,586.98
IND-10819,2021-01-06,2021-01-09,Second Class,Amit Gupta,Consumer,Jaipur,Rajasthan,Office Supplies,Storage,2814.57,9,0.4,439.07
IND-10820,2023-06-16,2023-06-19,Same Day,Ritu Kapoor,Corporate,Pune,Maharashtra,Office Supplies,Binders,2391.01,5,0.1,577.75
IND-10821,2022-11-17,2022-11-21,Second Class,Vikas Kapoor,Home Office,,Delhi,Technology,Copiers,3998.51,9,0.2,555.18
IND-10822,2021-10-01,2021-10-05,Second Class,Pooja Mishra,Corporate,Jaipur,Rajasthan,Office Supplies,Art,1460.05,5,0.0,462.8
IND-10823,2023-04-23,2023-04-25,First Class,Suresh Iyer,Home Office,Vadodara,  gujarat  ,Technology,Copiers,3418.73,9,0.0,1036.18
IND-10824,2023-03-19,2023-03-22,First Class,Ankit Chauhan,Home Office,Ahmedabad,Gujarat,Office Supplies,Labels,4764.15,8,0.3,583.35
IND-10825,2022-10-26,2022-10-28,Standard Class,Sneha Joshi,Corporate,Nagpur,Maharashtra,Furniture,Furnishings,4648.69,8,0.3,607.43
IND-10826,2022-05-03,2022-05-06,Same Day,Sneha Mishra,Corporate,Kanpur,Uttar Pradesh,Technology,Accessories,3350.18,1,0.3,218.94
IND-10827,2022-12-08,2022-12-12,Second Class,Sneha Verma,Consumer,Chennai,Tamil Nadu,Technology,Machines,4576.69,7,0.2,925.2
IND-10828,2023-04-25,2023-04-28,Standard Class,Deepak Bansal,Corporate,Kolkata,West Bengal,Office Supplies,Storage,3201.09,9,0.1,367.6
IND-10829,2021-02-22,2021-02-23,Second Class,Rohit Mehta,Home Office,Madurai,Tamil Nadu,Furniture,Chairs,3470.67,1,0.0,1140.76
IND-10830,2023-03-04,not available,First Class,Anjali Bansal,Home Office,,Madhya Pradesh,Technology,Accessories,2768.34,9,0.2,38.16
IND-10831,2022-05-30,2022-06-01,Standard Class,Ankit Mehta,Corporate,Mangalore,Karnataka,Office Supplies,Labels,1423.07,5,0.4,268.72
IND-10832,2022-12-13,2022-12-16,Same Day,Kavita Chatterjee,Consumer,New Delhi,Delhi,Technology,Accessories,"4,945.29",2,0.1,664.08
IND-10833,2022-04-22,2022-04-23,Second Class,Rahul Yadav,Consumer,Surat,Gujarat,Office Supplies,Labels,347.47,5,0.0,65.6
IND-10834,2022-09-06,2022-09-08,Second Class,Arjun Sharma,Consumer,Kanpur,Uttar Pradesh,Office Supplies,Binders,2683.41,4,0.1,417.53
IND-10835,2022-08-07,2022-08-08,Second Class,Rohit Kumar,Corporate,Coimbatore,Tamil Nadu,Furniture,Furnishings,615.75,3,0.0,169.89
IND-10836,2021-09-09,2021-09-11,First Class,Sneha Gupta,Consumer,Vadodara,Gujarat,Furniture,Tables,4086.76,9,0.3,284.41
IND-10837,2022-03-11,2022-03-15,First Class,Neha Agarwal,Home Office,Lucknow,Uttar Pradesh,Furniture,Tables,1878.02,8,0.3,-18.85
IND-10838,2021-07-08,2021-07-11,First Class,Vivek Sharma,Consumer,,Maharashtra,Office Supplies,Labels,621.54,1,0.4,25.33
IND-10839,2023-01-16,2023-01-20,Same Day,Nitin Iyer,Consumer,New Delhi,Delhi,Office Supplies,Binders,1282.94,1,0.3,251.83
IND-10840,2021-10-19,2021-10-21,Second Class,Pooja Mehta,Corporate,Howrah,West Bengal,Office Supplies,Storage,3316.71,9,0.3,61.34
IND-10841,2021-12-19,2021-12-21,Same Day,Rahul Joshi,Consumer,Bhopal,Madhya Pradesh,Furniture,Bookcases,3957.54,2,0.0,858.1
IND-10842,2022-09-19,2022-09-23,First Class,Arjun Saxena,Consumer,Coimbatore,Tamil Nadu,Office Supplies,Storage,2108.7,6,N/A,630.55
IND-10843,2021-10-09,2021-10-11,First Class,Deepak Mishra,Consumer,Surat,Gujarat,Furniture,Tables,558.76,4,0.4,30.69
IND-10844,2021-06-19,2021-06-21,Same Day,Arjun Kumar,Consumer,Bhopal,Madhya Pradesh,Office Supplies,Paper,1577.04,4,0.1,360.29
IND-10845,2022-12-26,2022-12-27,First Class,Neha Tiwari,Home Office,Coimbatore,Tamil Nadu,TECHNOLOGY,Phones,3427.53,7,0.2,797.43
IND-10846,2023-03-31,2023-04-04,Second Class,Kavita Pandey,Consumer,Nashik,Maharashtra,Office Supplies,Storage,305.18,9,0.1,66.82
IND-10847,2021-09-19,2021-09-21,Second Class,Anjali Yadav,Home Office,New Delhi,Delhi,Furniture,Tables,3367.78,3,0.1,434.61
IND-10848,2022-03-15,2022-03-18,Second Class,Vikas Singh,Corporate,Howrah,West Bengal,Office Supplies,Storage,3370.86,4,0.1,378.62
IND-10849,2023-06-12,2023-06-13,Second Class,Ritu Mishra,Corporate,Mangalore,Karnataka,FURNITURE,Bookcases,268.28,2,0.3,21.28
IND-10850,2023-02-07,2023-02-11,Second Class,Deepak Chatterjee,Home Office,Bengaluru,Karnataka,Furniture,Tables,2187.19,8,0.3,4.39
IND-10851,2022-02-24,2022-02-27,Standard Class,Amit Kumar,Corporate,Coimbatore,Tamil Nadu,Technology,Machines,4434.64,7,0.1,1325.38
IND-10852,2022-08-15,2022-08-16,Second Class,Anjali Iyer,Consumer,Lucknow,Uttar Pradesh,Technology,Machines,2366.92,5,0.4,71.16
IND-10853,2021-10-24,2021-10-26,Standard Class,Deepak Gupta,Home Office,Mangalore,Karnataka,Office Supplies,Art,2954.06,2,0.1,766.72
IND-10854,2021-09-18,2021-09-19,First Class,Vivek Yadav,Consumer,Mangalore,Karnataka,OFFICE SUPPLIES,Paper,2251.42,2,0.0,333.75
IND-10855,2022-02-16,2022-02-19,Standard Class,Neha Mehta,Consumer,Kanpur,Uttar Pradesh,Furniture,Tables,827.12,4,0.1,286.45
IND-10856,05/06/2022,2022-06-06,Standard Class,Anjali Jain,Consumer,New Delhi,Delhi,Furniture,Bookcases,4998.03,2,0.4,321.15
IND-10857,2021-03-07,2021-03-09,Standard Class,Pooja Sharma,Consumer,Ahmedabad,Gujarat,Technology,Machines,3786.69,7,0.1,911.85
IND-10858,2022-06-17,2022-06-18,Same Day,Amit Joshi,Consumer,Vadodara,Gujarat,Furniture,Furnishings,1622.01,1,0.0,460.81
IND-10859,2021-09-16,2021-09-17,Same Day,Vivek Mishra,Consumer,Ahmedabad,Gujarat,Office Supplies,Storage,4179.23,2,0.2,568.48
IND-10860,2022-11-18,2022-11-21,Same Day,Kiran Kapoor,Corporate,New Delhi,Delhi,Furniture,Furnishings,3725.89,4,0.0,1371.18
IND-10861,2022-05-07,2022-05-08,Second Class,Rahul Bansal,Consumer,New Delhi,Delhi,Office Supplies,Storage,4559.26,4,0.2,854.98
IND-10862,2021-03-19,2021-03-23,Standard Class,Sneha Pandey,Consumer,Jaipur,Rajasthan,Technology,Phones,1068.85,9,0.1,70.78
IND-10863,2023-02-16,2023-02-20,Second Class,Manish Saxena,Consumer,Noida,Uttar Pradesh,Technology,Machines,389.23,9,0.3,88.35
IND-10864,2022-02-10,2022-02-14,Second Class,Priya Sharma,Home Office,New Delhi,Delhi,Technology,Accessories,3221.24,7,0.0,1050.75
IND-10865,2021-05-20,2021-05-22,First Class,Arjun Iyer,Consumer,New Delhi,Delhi,OFFICE SUPPLIES,Storage,1338.85,7,0.2,152.8
IND-10866,2021-03-06,2021-03-07,Standard Class,Anjali Verma,Corporate,Ahmedabad,Gujarat,Furniture,Chairs,4844.5,8,0.4,-72.19
IND-10867,2021-01-11,2021-01-12,Standard Class,Anjali Sharma,Home Office,New Delhi,Delhi,Furniture,Chairs,2594.47,9,0.2,753.8
IND-10868,2023-05-24,2023-05-26,Same Day,Vikas Yadav,Home Office,Vadodara,Gujarat,Furniture,Furnishings,2523.07,8,0.3,464.85
IND-10869,2022-09-25,2022-09-27,Same Day,Vikas Pandey,Consumer,Udaipur,Rajasthan,Office Supplies,Storage,2721.65,1,0.2,673.86
IND-10870,2023-06-01,2023-06-02,Same Day,Priya Kapoor,Home Office,Kolkata,West Bengal,Office Supplies,Storage,3887.06,9,0.2,526.71
IND-10871,2022-02-22,2022-02-23,Same Day,Neha Kumar,Consumer,New Delhi,Delhi,TECHNOLOGY,Phones,603.52,1,0.3,37.99
IND-10872,2023-03-07,2023-03-11,First Class,Ankit Iyer,Home Office,Udaipur,Rajasthan,Technology,Copiers,1687.17,5,0.1,276.88
IND-10873,2021-02-01,2021-02-02,Second Class,Vikas Bansal,Consumer,Mysuru,Karnataka,Furniture,Bookcases,1940.11,9,0.1,133.72
IND-10874,2021-02-01,2021-02-03,First Class,Kiran Jain,Home Office,Kolkata,West Bengal,Furniture,Furnishings,1722.48,1,0.0,264.3
IND-10875,2023-03-13,2023-03-17,First Class,Arjun Sharma,Corporate,Mumbai,Maharashtra,Furniture,Furnishings,1219.96,9,0.2,156.42
IND-10876,2021-09-23,2021-09-27,Standard Class,Amit Singh,Home Office,Ahmedabad,Gujarat,Office Supplies,Binders,4227.06,9,0.4,325.58
IND-10877,2023-01-04,2023-01-08,Second Class,Nitin Kapoor,Consumer,Madurai,Tamil Nadu,Furniture,Chairs,2065.91,6,0.4,303.74
IND-10878,2023-04-27,2023-04-30,First Class,,Corporate,Mysuru,Karnataka,Office Supplies,Storage,285.77,6,0.2,72.26
IND-10879,2021-03-08,2021-03-10,First Class,Nitin Verma,Consumer,Lucknow,Uttar Pradesh,Technology,Machines,3968.57,7,0.0,1418.01
IND-10880,2023-04-22,2023-04-24,First Class,Deepak Agarwal,Consumer,Nashik,Maharashtra,Furniture,Tables,4619.14,6,0.3,807.65
IND-10881,2021-07-23,2021-07-27,First Class,Anjali Bansal,Corporate,Kolkata,West Bengal,Office Supplies,Storage,1195.81,7,0.3,208.04
IND-10882,2022-05-21,2022-05-25,First Class,Pooja Tiwari,Consumer,Bhopal,Madhya Pradesh,Furniture,Furnishings,2855.02,7,0.4,469.52
IND-10883,2021-05-02,2021-05-03,First Class,Sneha Joshi,Corporate,Vadodara,Gujarat,Technology,Copiers,4548.26,4,0.3,1064.48
IND-10884,2021-11-18,2021-11-20,Same Day,Sunita Mehta,Home Office,Indore,Madhya Pradesh,Technology,Accessories,3331.85,6,0.0,785.73
IND-10885,2022-04-28,2022-05-01,Standard Class,Suresh Mehta,Home Office,Chennai,Tamil Nadu,Technology,Accessories,2729.87,8,0.4,-110.92
IND-10886,2022-12-05,2022-12-06,Second Class,Priya Jain,Consumer,Mysuru,  karnataka  ,Office Supplies,Labels,761.98,1,0.3,-4.52
IND-10887,2021-03-23,2021-03-24,Second Class,Deepak Kapoor,Home Office,Nagpur,Maharashtra,Technology,Phones,942.41,6,0.3,134.13
IND-10888,2021-05-14,2021-05-16,Same Day,Ritu Kumar,Corporate,Kolkata,West Bengal,Furniture,Furnishings,1906.33,4,0.4,43.83
IND-10889,2022-09-16,2022-09-19,Same Day,Arjun Mishra,Consumer,Indore,Madhya Pradesh,Office Supplies,Labels,2109.0,7,0.0,760.95
IND-10890,2022-03-20,2022-03-21,Same Day,Rahul Gupta,Consumer,Kolkata,West Bengal,Technology,Copiers,"4,720.30",4,0.4,282.75
IND-10891,10/11/2022,2022-11-12,Same Day,Deepak Chauhan,Corporate,Pune,Maharashtra,Office Supplies,Art,3027.03,9,0.4,381.0
IND-10892,2023-05-14,2023-05-17,Second Class,Suresh Singh,Home Office,Ahmedabad,Gujarat,Technology,Accessories,1788.98,6,0.3,302.72
IND-10893,2021-02-20,2021-02-24,Standard Class,Arjun Singh,Consumer,Bhopal,Madhya Pradesh,Office Supplies,Art,3388.47,4,0.3,377.09
IND-10894,2021-05-23,2021-05-27,First Class,Suresh Mehta,Consumer,Bhopal,Madhya Pradesh,Office Supplies,Art,2711.27,2,0.2,611.15
IND-10895,2022-05-18,2022-05-22,Same Day,Sunita Sharma,Corporate,Kolkata,West Bengal,Office Supplies,Paper,2352.3,6,0.3,353.86
IND-10896,2021-05-01,2021-05-04,Same Day,Neha Joshi,Consumer,Kolkata,West Bengal,Furniture,Tables,2979.08,9,0.0,724.17
IND-10897,2022-12-23,2022-12-25,Standard Class,Pooja Jain,Corporate,Nashik,Maharashtra,Technology,Machines,2451.15,2,0.3,263.42
IND-10898,2022-04-16,2022-04-17,Standard Class,Vikas Chatterjee,Consumer,Chennai,Tamil Nadu,Office Supplies,Labels,462.67,2,0.4,10.36
IND-10899,2022-02-05,2022-02-07,Same Day,Neha Tiwari,Corporate,Jaipur,Rajasthan,Office Supplies,Paper,2413.99,9,0.2,419.51
IND-10900,2023-05-31,2023-06-02,Same Day,Manish Agarwal,Home Office,Bengaluru,Karnataka,Furniture,Bookcases,410.0,1,0.0,80.06
IND-10901,2023-02-13,2023-02-17,Standard Class,Rahul Chauhan,Corporate,Ahmedabad,Gujarat,Technology,Copiers,3742.89,9,N/A,356.64
IND-10902,2023-06-01,2023-06-04,Same Day,Sunita Jain,Corporate,New Delhi,Delhi,Office Supplies,Labels,2314.51,4,0.4,344.22
IND-10903,2022-02-28,2022-03-01,Standard Class,,Consumer,Ahmedabad,Gujarat,TECHNOLOGY,Accessories,4114.4,9,0.2,295.8
IND-10904,2021-05-05,2021-05-08,Second Class,Kavita Jain,Corporate,Bengaluru,Karnataka,Office Supplies,Art,2973.16,6,0.2,669.26
IND-10905,2023-05-03,2023-05-04,Same Day,Suresh Gupta,Corporate,,Uttar Pradesh,Furniture,Tables,861.29,9,0.1,47.59
IND-10906,2021-05-05,2021-05-09,Standard Class,Ritu Joshi,Consumer,Lucknow,Uttar Pradesh,Office Supplies,Storage,4529.04,4,0.3,865.42
IND-10907,2023-06-18,2023-06-22,First Class,Deepak Pandey,Corporate,Agra,Uttar Pradesh,Furniture,Bookcases,4360.47,6,0.2,457.6
IND-10908,2021-01-23,2021-01-25,Same Day,Manish Joshi,Corporate,Lucknow,Uttar Pradesh,Office Supplies,Binders,4444.51,2,0.1,1316.43
IND-10909,2022-01-24,2022-01-28,Same Day,Deepak Saxena,Corporate,Lucknow,Uttar Pradesh,Furniture,Chairs,3151.36,7,0.1,618.98
IND-10910,2023-01-21,2023-01-25,Standard Class,Priya Mehta,Corporate,Nashik,Maharashtra,Technology,Copiers,4058.2,4,0.2,1171.94
IND-10911,2021-08-14,2021-08-17,Standard Class,Deepak Yadav,Corporate,Nashik,Maharashtra,Technology,Machines,4756.32,6,0.0,1504.19
IND-10912,2023-05-22,2023-05-25,Standard Class,Vikas Iyer,Corporate,Nashik,Maharashtra,Technology,Machines,4273.75,7,0.0,1350.21
IND-10913,2022-07-18,2022-07-22,First Class,Amit Saxena,Consumer,,Delhi,Technology,Machines,2172.2,1,0.0,709.1
IND-10914,2021-12-19,2021-12-20,Standard Class,Anjali Iyer,Home Office,Vadodara,Gujarat,Office Supplies,Storage,2502.68,5,0.1,812.18
IND-10915,2022-04-18,2022-04-21,Second Class,Kiran Mishra,Home Office,Noida,Uttar Pradesh,Office Supplies,Labels,737.87,5,0.2,25.44
IND-10916,21/11/2022,2022-11-22,Second Class,Nitin Saxena,Corporate,Agra,Uttar Pradesh,Office Supplies,Labels,316.82,4,0.2,41.12
IND-10917,2023-04-03,2023-04-07,Standard Class,Ankit Chauhan,Home Office,Bhopal,Madhya Pradesh,Technology,Copiers,4912.69,1,0.4,50.83
IND-10918,2021-01-17,2021-01-21,First Class,Pooja Mishra,Consumer,Kanpur,Uttar Pradesh,Furniture,Tables,3261.97,3,0.2,658.1
IND-10919,2022-03-02,2022-03-05,Standard Class,Pooja Jain,Home Office,Indore,Madhya Pradesh,Technology,Accessories,4697.12,5,0.4,-246.09
IND-10920,2022-04-26,2022-04-27,Second Class,Vivek Agarwal,Corporate,Howrah,West Bengal,FURNITURE,Furnishings,943.42,1,0.0,325.18
IND-10921,2022-01-11,2022-01-15,Standard Class,Rohit Sharma,Corporate,Noida,Uttar Pradesh,Office Supplies,Binders,4319.24,9,0.4,573.47
IND-10922,2022-09-20,2022-09-24,Standard Class,Ankit Mishra,Consumer,,Madhya Pradesh,Office Supplies,Art,550.36,4,0.4,81.67
IND-10923,2021-10-27,2021-10-30,Same Day,Arjun Singh,Corporate,New Delhi,Delhi,Technology,Phones,2007.41,6,0.1,620.96
IND-10924,2022-03-19,2022-03-20,Second Class,Amit Verma,Corporate,Pune,Maharashtra,Furniture,Bookcases,4224.87,2,0.3,962.42
IND-10925,2022-10-22,2022-10-24,First Class,Ankit Patel,Corporate,Pune,  maharashtra  ,Office Supplies,Labels,4348.68,3,0.2,989.12
IND-10926,2023-02-26,2023-03-01,First Class,Neha Iyer,Home Office,Kolkata,West Bengal,Technology,Machines,1785.02,7,0.2,118.62
IND-10927,2022-12-24,2022-12-27,Second Class,Pooja Sharma,Home Office,Bengaluru,  karnataka  ,Technology,Copiers,429.2,5,0.4,69.46
IND-10928,2022-03-18,2022-03-22,First Class,Kavita Yadav,Home Office,Pune,Maharashtra,Office Supplies,Binders,1371.94,4,0.0,347.01
IND-10929,01/01/2021,2021-01-04,Same Day,Vikas Gupta,Corporate,New Delhi,Delhi,Technology,Accessories,4425.7,6,0.2,726.56
IND-10930,2022-06-09,2022-06-11,Standard Class,Amit Gupta,Home Office,Kolkata,West Bengal,Furniture,Tables,3300.5,9,0.0,370.91
IND-10931,2021-02-15,2021-02-16,Same Day,Rahul Pandey,Home Office,Kolkata,West Bengal,Furniture,Tables,4064.93,9,0.2,67.08
IND-10932,2021-10-05,2021-10-09,First Class,Manish Joshi,Home Office,Jaipur,Rajasthan,Furniture,Furnishings,4537.34,6,0.4,-427.61
IND-10933,2023-02-24,2023-02-26,First Class,Ankit Mishra,Consumer,Howrah,West Bengal,Office Supplies,Labels,608.99,1,0.1,84.18
IND-10934,2021-06-24,2021-06-25,Standard Class,Manish Pandey,Corporate,New Delhi,Delhi,Office Supplies,Art,3480.6,9,0.4,276.26
IND-10935,2022-04-21,2022-04-23,First Class,Priya Iyer,Consumer,Udaipur,Rajasthan,Furniture,Furnishings,2858.81,2,0.4,259.71
IND-10936,2022-04-12,2022-04-15,Same Day,Neha Saxena,Corporate,Nashik,Maharashtra,Furniture,Furnishings,802.33,5,0.0,165.72
IND-10937,2021-09-29,2021-10-02,Same Day,Manish Sharma,Corporate,Kolkata,West Bengal,Furniture,Tables,1707.95,7,0.4,200.1
IND-10938,2021-12-29,2022-01-01,Standard Class,Priya Singh,Corporate,Howrah,West Bengal,Office Supplies,Binders,2197.81,8,0.4,8.19
IND-10939,2021-09-08,2021-09-12,Same Day,Sunita Agarwal,Home Office,Kolkata,West Bengal,Office Supplies,Art,1012.3,3,0.2,215.91
IND-10940,2022-02-08,2022-02-10,Standard Class,Ritu Sharma,Corporate,Jaipur,Rajasthan,Furniture,Bookcases,3307.78,6,0.1,1082.04
IND-10941,2022-12-16,2022-12-19,Same Day,Amit Jain,Corporate,Indore,Madhya Pradesh,Office Supplies,Paper,3177.91,5,0.4,402.85
IND-10942,2022-05-07,2022-05-10,Standard Class,Pooja Agarwal,Corporate,Madurai,Tamil Nadu,Technology,Phones,1685.63,5,0.1,144.1
IND-10943,2022-08-25,2022-08-26,Same Day,Ritu Tiwari,Corporate,Coimbatore,Tamil Nadu,Office Supplies,Labels,2958.5,9,0.2,154.29
IND-10944,2023-04-13,2023-04-17,Standard Class,Kiran Jain,Corporate,Pune,Maharashtra,Furniture,Bookcases,3889.3,8,0.2,430.05
IND-10945,2022-08-24,2022-08-27,Second Class,Kiran Kapoor,Home Office,Vadodara,Gujarat,Office Supplies,Paper,"2,335.23",5,0.3,395.49
IND-10946,2022-06-29,2022-07-01,First Class,Deepak Jain,Consumer,Howrah,  west bengal  ,Office Supplies,Storage,1250.87,3,0.2,145.39
IND-10947,2022-07-06,2022-07-07,Second Class,Rahul Tiwari,Corporate,Jaipur,Rajasthan,Technology,Phones,1100.32,5,0.4,27.0
IND-10948,2022-11-20,2022-11-22,First Class,Sunita Bansal,Corporate,Pune,Maharashtra,Furniture,Furnishings,214.94,8,0.2,46.34
IND-10949,2022-02-26,2022-02-27,Second Class,Manish Gupta,Corporate,Bhopal,Madhya Pradesh,Furniture,Chairs,3699.46,4,0.4,-25.57
IND-10950,2022-09-27,2022-09-30,First Class,Suresh Singh,Home Office,Mangalore,Karnataka,Technology,Copiers,1346.87,5,0.1,260.52
IND-10951,2021-02-09,2021-02-12,Standard Class,Rahul Gupta,Corporate,Vadodara,Gujarat,Office Supplies,Paper,1325.96,7,0.2,200.94
IND-10952,2022-06-24,2022-06-27,First Class,Sneha Jain,Consumer,Ahmedabad,Gujarat,Technology,Machines,1191.36,7,0.0,385.07
IND-10953,2022-03-12,2022-03-15,Second Class,Sunita Tiwari,Consumer,New Delhi,Delhi,Office Supplies,Paper,3397.52,7,0.0,377.73
IND-10954,2023-01-24,2023-01-28,First Class,Neha Bansal,Consumer,Kolkata,West Bengal,Furniture,Bookcases,2193.39,4,0.0,471.2
IND-10955,2023-01-23,2023-01-26,First Class,Amit Sharma,Corporate,Nagpur,Maharashtra,Office Supplies,Paper,3528.29,8,0.1,234.54
IND-10956,2023-02-10,2023-02-13,Second Class,Kiran Joshi,Corporate,Howrah,West Bengal,Office Supplies,Storage,3631.23,2,0.3,602.38
IND-10957,2022-05-18,2022-05-19,Same Day,Kiran Tiwari,Home Office,Madurai,Tamil Nadu,Technology,Copiers,2699.2,8,0.1,755.48
IND-10958,2021-07-29,2021-08-02,Same Day,Kavita Saxena,Consumer,Kolkata,West Bengal,Furniture,Chairs,2847.86,7,0.1,728.65
IND-10959,2022-11-28,2022-11-30,Same Day,Manish Chauhan,Corporate,Kolkata,West Bengal,Office Supplies,Binders,2628.3,2,0.4,413.39
IND-10960,2022-10-04,2022-10-08,Same Day,Nitin Kumar,Corporate,Noida,Uttar Pradesh,Office Supplies,Paper,4396.98,7,N/A,16.92
IND-10961,10/05/2022,2022-05-12,Second Class,Anjali Mishra,Corporate,Indore,Madhya Pradesh,Technology,Accessories,2549.42,7,0.2,590.9
IND-10962,2023-04-15,2023-04-17,Second Class,Kiran Singh,Consumer,Lucknow,Uttar Pradesh,Office Supplies,Art,486.09,4,0.4,65.89
IND-10963,2021-08-31,2021-09-01,Second Class,Vikas Agarwal,Corporate,Howrah,West Bengal,Furniture,Bookcases,1124.11,9,0.2,278.54
IND-10964,2021-01-31,2021-02-01,First Class,Vivek Chauhan,Corporate,Indore,Madhya Pradesh,Office Supplies,Storage,3894.56,6,0.3,772.65
IND-10965,2021-11-26,2021-11-29,First Class,Manish Pandey,Corporate,Kanpur,Uttar Pradesh,Office Supplies,Paper,1614.47,9,0.2,32.52
IND-10966,04/08/2021,2021-08-06,First Class,Amit Kapoor,Corporate,Ahmedabad,Gujarat,Technology,Copiers,770.29,8,0.3,71.91
IND-10967,2023-01-23,2023-01-24,First Class,,Home Office,Bengaluru,Karnataka,Office Supplies,Binders,4401.9,9,0.0,603.97
IND-10968,2023-04-17,2023-04-21,Same Day,Deepak Agarwal,Corporate,Mysuru,Karnataka,Office Supplies,Binders,1644.63,8,0.4,83.31
IND-10969,29/10/2021,2021-10-30,First Class,Vivek Patel,Corporate,Bhopal,Madhya Pradesh,OFFICE SUPPLIES,Storage,2042.27,8,0.3,431.3
IND-10970,2023-03-24,2023-03-27,First Class,Nitin Yadav,Consumer,Udaipur,Rajasthan,Furniture,Tables,2578.35,4,0.4,30.8
IND-10971,2022-09-05,2022-09-06,Second Class,Ankit Bansal,Home Office,Chennai,Tamil Nadu,Furniture,Tables,4585.75,9,0.4,-438.98
IND-10972,2021-03-22,2021-03-25,Standard Class,Manish Joshi,Corporate,Udaipur,Rajasthan,Office Supplies,Art,4054.68,9,0.1,716.03
IND-10973,2021-03-11,2021-03-14,First Class,Rahul Gupta,Corporate,Indore,Madhya Pradesh,Furniture,Chairs,2845.79,1,0.1,958.69
IND-10974,2022-11-24,2022-11-26,Second Class,Vikas Kapoor,Home Office,Ahmedabad,Gujarat,Office Supplies,Paper,4406.97,4,0.0,1217.26
IND-10975,2022-11-11,2022-11-12,Second Class,Kiran Chauhan,Corporate,Mysuru,Karnataka,Furniture,Bookcases,2907.41,9,0.2,187.37
IND-10976,2023-01-20,2023-01-21,Second Class,Sneha Sharma,Corporate,Nashik,Maharashtra,OFFICE SUPPLIES,Storage,4564.87,1,0.0,1538.16
IND-10977,2022-03-26,2022-03-27,Same Day,Pooja Iyer,Consumer,,Rajasthan,FURNITURE,Chairs,1248.42,3,0.3,-0.81
IND-10978,2021-08-07,2021-08-11,First Class,Sneha Gupta,Corporate,Ahmedabad,Gujarat,Furniture,Tables,1027.23,1,0.1,223.41
IND-10979,2021-12-19,2021-12-20,Same Day,Deepak Mehta,Corporate,Mumbai,Maharashtra,Office Supplies,Storage,4133.91,6,0.3,929.42
IND-10980,2023-03-27,2023-03-29,Second Class,Suresh Kumar,Corporate,New Delhi,Delhi,Furniture,Furnishings,723.02,9,0.3,12.05
IND-10981,2023-02-02,2023-02-06,Standard Class,Arjun Verma,Home Office,Kolkata,  west bengal  ,Technology,Phones,1872.77,2,0.3,-42.12
IND-10982,2022-10-02,2022-10-06,Same Day,Nitin Mehta,Corporate,Bengaluru,Karnataka,Technology,Machines,3993.55,7,0.1,472.72
IND-10983,2022-08-13,2022-08-16,Standard Class,Neha Singh,Corporate,Agra,Uttar Pradesh,Technology,Copiers,1841.61,8,0.4,-10.33
IND-10984,2022-04-05,2022-04-09,Second Class,Amit Chatterjee,Corporate,Madurai,Tamil Nadu,Furniture,Tables,4488.58,1,0.3,109.08
IND-10985,2021-10-23,2021-10-24,Standard Class,Ritu Pandey,Home Office,Mysuru,Karnataka,OFFICE SUPPLIES,Art,4079.62,8,0.1,414.18
IND-10986,2023-05-16,not available,Standard Class,Priya Singh,Corporate,Lucknow,  uttar pradesh  ,Office Supplies,Labels,4028.24,7,0.3,274.99
IND-10987,2023-03-17,2023-03-21,Second Class,Arjun Pandey,Corporate,Jaipur,Rajasthan,Furniture,Furnishings,258.97,5,0.0,84.77
IND-10988,2021-11-07,2021-11-08,Same Day,Sneha Chatterjee,Consumer,New Delhi,Delhi,Furniture,Chairs,4330.84,3,0.1,1098.19
IND-10989,2022-08-24,2022-08-25,Second Class,Amit Gupta,Corporate,Bhopal,Madhya Pradesh,Technology,Accessories,534.98,9,0.2,107.72
IND-10990,2022-02-27,2022-03-02,Standard Class,Ritu Patel,Consumer,Coimbatore,Tamil Nadu,Furniture,Chairs,"4,038.04",7,0.4,147.89
IND-10991,2021-05-02,2021-05-06,Same Day,,Consumer,Nashik,Maharashtra,Office Supplies,Paper,4315.69,4,0.0,1438.91
IND-10992,2021-11-04,2021-11-06,Standard Class,Sneha Bansal,Consumer,Indore,Madhya Pradesh,Office Supplies,Paper,2840.68,9,0.0,794.16
IND-10993,2022-04-22,2022-04-24,Same Day,Vikas Yadav,Home Office,Ahmedabad,Gujarat,Technology,Accessories,508.68,4,0.4,65.02
IND-10994,2023-05-01,2023-05-05,Standard Class,Neha Chatterjee,Consumer,Vadodara,Gujarat,Technology,Accessories,2064.31,3,0.1,533.18
IND-10995,2021-04-23,2021-04-27,Second Class,Kavita Pandey,Home Office,Udaipur,Rajasthan,Technology,Phones,408.62,4,0.2,83.64
IND-10996,2022-10-04,2022-10-07,First Class,Arjun Mishra,Consumer,Kolkata,West Bengal,Office Supplies,Paper,1271.65,3,0.1,199.4
IND-10997,2022-03-05,2022-03-09,Standard Class,Sunita Sharma,Corporate,Howrah,West Bengal,Office Supplies,Art,1144.63,9,0.3,202.03
IND-10998,2023-04-23,2023-04-24,Second Class,Kiran Yadav,Corporate,Nashik,Maharashtra,Office Supplies,Storage,4264.68,3,0.2,1194.32
IND-10999,2021-07-22,2021-07-24,Second Class,Rahul Agarwal,Corporate,Kanpur,Uttar Pradesh,TECHNOLOGY,Phones,2483.83,2,0.4,278.18
IND-11000,2022-07-15,2022-07-18,Same Day,Neha Saxena,Corporate,Ahmedabad,Gujarat,Furniture,Tables,3255.87,9,0.2,459.75
IND-11001,2021-12-27,2021-12-29,First Class,Vikas Tiwari,Home Office,Kolkata,West Bengal,Furniture,Tables,3370.27,8,0.2,327.15
IND-11002,2021-01-03,2021-01-04,Second Class,Suresh Jain,Home Office,Jaipur,Rajasthan,Furniture,Furnishings,2677.21,2,0.2,117.09
IND-11003,11/03/2023,2023-03-13,Same Day,Ritu Joshi,Home Office,Jaipur,Rajasthan,Furniture,Chairs,4356.9,8,0.0,1721.93
IND-11004,2021-06-09,2021-06-12,Second Class,,Consumer,Pune,Maharashtra,Office Supplies,Art,2135.82,3,0.0,556.53
IND-11005,2022-03-10,2022-03-13,Standard Class,Kavita Iyer,Consumer,Jaipur,Rajasthan,Technology,Copiers,3127.08,5,0.3,149.34
IND-11006,2022-06-12,2022-06-14,Second Class,Arjun Chauhan,Consumer,Nagpur,Maharashtra,Office Supplies,Labels,408.94,2,0.2,24.79
IND-11007,2022-11-17,2022-11-21,Second Class,Rohit Agarwal,Home Office,Jaipur,Rajasthan,Office Supplies,Labels,1613.71,9,0.2,121.43
IND-11008,2023-02-01,2023-02-03,First Class,Sunita Singh,Corporate,Mangalore,Karnataka,Office Supplies,Art,740.84,7,0.3,121.76
IND-11009,2022-05-21,2022-05-23,Second Class,Sunita Singh,Consumer,New Delhi,Delhi,Furniture,Tables,361.52,9,0.0,90.45
IND-11010,2022-08-20,2022-08-23,Same Day,Deepak Mishra,Consumer,Ahmedabad,Gujarat,Office Supplies,Art,1509.51,6,0.2,396.73
IND-11011,2022-10-25,2022-10-27,Second Class,Arjun Chauhan,Home Office,Ahmedabad,Gujarat,Office Supplies,Art,3157.08,2,0.4,44.5
IND-11012,2022-06-28,2022-06-29,Second Class,Sneha Jain,Home Office,,Tamil Nadu,Office Supplies,Paper,3797.96,3,0.2,647.94
IND-11013,2022-04-01,2022-04-03,First Class,Vivek Mehta,Consumer,,Madhya Pradesh,Furniture,Tables,721.1,5,0.1,67.95
IND-11014,2021-10-26,2021-10-28,Standard Class,Manish Yadav,Corporate,Kolkata,West Bengal,Furniture,Bookcases,1161.65,8,0.3,28.1
IND-11015,22/04/2023,2023-04-24,Second Class,Anjali Mehta,Corporate,,Madhya Pradesh,Office Supplies,Labels,4162.89,3,0.1,788.43
IND-11016,2023-05-10,2023-05-12,Standard Class,Rohit Chatterjee,Corporate,Lucknow,Uttar Pradesh,Technology,Phones,1066.09,1,0.3,170.73
IND-11017,2021-12-24,2021-12-25,Second Class,Pooja Saxena,Home Office,Bhopal,Madhya Pradesh,Technology,Machines,4545.24,2,0.2,1354.57
IND-11018,2021-11-11,2021-11-13,First Class,Vikas Mishra,Home Office,Surat,Gujarat,Furniture,Bookcases,567.57,4,0.0,83.05
IND-11019,2023-04-21,2023-04-24,Second Class,Nitin Chauhan,Corporate,Vadodara,Gujarat,Office Supplies,Binders,1738.75,5,0.0,591.17
IND-11020,2022-02-27,2022-03-01,Second Class,Rahul Gupta,Home Office,New Delhi,Delhi,Technology,Phones,760.65,5,0.2,82.29
IND-11021,2021-06-27,2021-06-29,Same Day,Kavita Mehta,Consumer,Howrah,  west bengal  ,Technology,Accessories,4984.04,4,N/A,1390.26
IND-11022,2023-01-21,2023-01-23,Second Class,Kiran Yadav,Home Office,Mangalore,Karnataka,Technology,Copiers,3332.27,1,0.3,60.81
IND-11023,2022-01-20,2022-01-21,Same Day,Ankit Bansal,Home Office,Bengaluru,Karnataka,Furniture,Bookcases,1309.19,5,0.0,331.42
IND-11024,11/03/2023,2023-03-12,First Class,Suresh Sharma,Home Office,Howrah,West Bengal,Furniture,Chairs,2391.18,8,0.2,113.11
IND-11025,2023-03-03,2023-03-05,Second Class,Ankit Agarwal,Corporate,Ahmedabad,Gujarat,Furniture,Chairs,587.26,6,N/A,140.33
IND-11026,2022-09-01,2022-09-03,First Class,Kavita Patel,Consumer,Pune,Maharashtra,Office Supplies,Paper,1548.1,6,0.1,441.49
IND-11027,2021-01-08,2021-01-09,Second Class,Ankit Agarwal,Corporate,Jaipur,Rajasthan,Office Supplies,Storage,1034.93,4,0.4,-68.15
IND-11028,2021-09-14,2021-09-17,Second Class,Priya Tiwari,Consumer,Mangalore,Karnataka,OFFICE SUPPLIES,Labels,525.5,6,0.1,53.12
IND-11029,2021-11-12,2021-11-16,Standard Class,Vivek Bansal,Home Office,Indore,Madhya Pradesh,Technology,Machines,1624.16,2,0.4,199.75
IND-11030,2021-06-08,2021-06-10,Second Class,Kavita Chauhan,Corporate,Nagpur,Maharashtra,Technology,Phones,2736.28,3,0.3,406.49
IND-11031,2022-04-29,2022-05-01,Same Day,Neha Chauhan,Consumer,Lucknow,Uttar Pradesh,Furniture,Tables,649.99,9,0.2,179.92
IND-11032,2021-09-08,2021-09-11,First Class,Sneha Chauhan,Home Office,Mangalore,Karnataka,Office Supplies,Binders,4703.18,5,0.4,-10.73
IND-11033,09/02/2022,2022-02-11,First Class,Anjali Chauhan,Home Office,Mysuru,Karnataka,Office Supplies,Binders,1244.18,9,0.0,455.84
IND-11034,12/07/2021,2021-07-16,Standard Class,Sneha Kapoor,Corporate,Bhopal,Madhya Pradesh,Technology,Copiers,3614.18,4,0.2,946.27
IND-11035,2023-04-08,2023-04-11,Same Day,Neha Singh,Consumer,Vadodara,Gujarat,TECHNOLOGY,Copiers,2755.0,7,0.1,462.81
IND-11036,2023-01-15,2023-01-18,Same Day,Rahul Verma,Home Office,New Delhi,Delhi,Technology,Accessories,1264.68,4,0.2,312.55
IND-11037,2022-05-18,2022-05-20,Standard Class,Ankit Joshi,Consumer,New Delhi,Delhi,Office Supplies,Labels,4645.22,8,0.2,457.5
IND-11038,2023-02-10,2023-02-14,Standard Class,Pooja Verma,Consumer,Mangalore,Karnataka,Office Supplies,Labels,4364.29,3,0.1,1158.27
IND-11039,2021-07-18,2021-07-20,Second Class,Rohit Kapoor,Home Office,Kanpur,Uttar Pradesh,Furniture,Furnishings,2668.88,7,0.0,975.85
IND-11040,2021-06-12,2021-06-16,Second Class,Kavita Agarwal,Home Office,Howrah,West Bengal,Office Supplies,Binders,4163.23,7,0.1,807.04
IND-11041,2023-05-31,2023-06-04,Second Class,Nitin Jain,Consumer,Jaipur,Rajasthan,Office Supplies,Storage,1537.96,5,0.2,122.4
IND-11042,2022-11-21,2022-11-22,Same Day,Vivek Bansal,Consumer,Indore,Madhya Pradesh,Technology,Phones,"4,208.59",8,0.1,833.4
IND-11043,2022-08-13,2022-08-14,First Class,Kiran Sharma,Home Office,Noida,Uttar Pradesh,Office Supplies,Storage,2973.58,5,0.1,634.05
IND-11044,2022-01-01,2022-01-04,Standard Class,Suresh Chatterjee,Corporate,Jaipur,Rajasthan,Furniture,Furnishings,2432.27,8,0.4,414.05
IND-11045,2021-09-04,2021-09-06,Standard Class,Sunita Bansal,Home Office,Ahmedabad,Gujarat,Office Supplies,Storage,3246.71,7,0.3,533.36
IND-11046,29/01/2021,2021-01-31,Same Day,Manish Pandey,Consumer,Udaipur,Rajasthan,Technology,Copiers,647.31,6,0.4,-41.36
IND-11047,2021-07-10,2021-07-11,Second Class,Vivek Pandey,Home Office,Kolkata,West Bengal,Technology,Copiers,228.32,1,0.3,17.74
IND-11048,2021-10-31,2021-11-01,Second Class,Kavita Sharma,Corporate,Chennai,Tamil Nadu,FURNITURE,Tables,2870.52,1,0.4,371.4
IND-11049,2021-05-29,2021-05-31,Same Day,Anjali Bansal,Corporate,New Delhi,Delhi,Furniture,Chairs,3531.93,6,0.1,784.96
IND-11050,2022-10-20,2022-10-22,Same Day,Anjali Mishra,Consumer,New Delhi,Delhi,Office Supplies,Storage,4705.57,5,N/A,20.62
IND-11051,2021-10-23,2021-10-26,Second Class,Arjun Sharma,Home Office,Nashik,Maharashtra,Technology,Copiers,"1,626.14",9,0.0,282.3
IND-11052,2021-12-05,2021-12-09,First Class,Nitin Iyer,Consumer,Jaipur,Rajasthan,Furniture,Bookcases,2982.0,1,0.3,110.1
IND-11053,2022-04-25,2022-04-26,First Class,Priya Iyer,Consumer,Ahmedabad,Gujarat,Technology,Copiers,4295.84,6,0.0,539.73
IND-11054,2021-03-29,2021-04-01,First Class,Ankit Patel,Consumer,Surat,Gujarat,Technology,Copiers,2420.48,8,0.3,533.46
IND-11055,2022-06-11,2022-06-13,Second Class,Arjun Yadav,Consumer,Nashik,Maharashtra,Technology,Copiers,2655.69,2,0.0,330.22
IND-11056,2022-06-13,2022-06-15,First Class,Kavita Mehta,Home Office,Ahmedabad,Gujarat,Office Supplies,Labels,3211.2,8,0.2,280.75
IND-11057,2021-05-26,2021-05-27,First Class,Suresh Chatterjee,Home Office,Lucknow,Uttar Pradesh,Technology,Copiers,3707.72,4,0.3,725.49
IND-11058,2021-05-16,2021-05-18,Same Day,Amit Agarwal,Corporate,Howrah,West Bengal,Furniture,Bookcases,3642.19,7,0.1,1245.45
IND-11059,2021-11-14,2021-11-15,Second Class,Vivek Kapoor,Home Office,Noida,Uttar Pradesh,Furniture,Chairs,616.57,4,0.0,121.65
IND-11060,2021-11-24,2021-11-27,Standard Class,Vivek Mehta,Corporate,Jaipur,  rajasthan  ,Technology,Copiers,2616.74,9,0.4,-226.67
IND-11061,2021-08-31,2021-09-04,Same Day,Pooja Patel,Home Office,Pune,Maharashtra,Furniture,Furnishings,1473.64,3,0.2,309.67
IND-11062,2021-02-05,2021-02-09,Same Day,Neha Pandey,Home Office,Indore,Madhya Pradesh,Technology,Copiers,2859.91,8,0.2,24.99
IND-11063,2022-01-04,2022-01-06,Standard Class,Ankit Jain,Corporate,Bhopal,Madhya Pradesh,Furniture,Chairs,2407.51,4,0.3,-110.22
IND-11064,2022-03-25,2022-03-29,First Class,Ritu Kumar,Consumer,Mysuru,Karnataka,Office Supplies,Labels,2838.53,7,0.1,200.99
IND-11065,2022-02-10,2022-02-11,Same Day,Kiran Patel,Home Office,Pune,Maharashtra,Furniture,Bookcases,650.37,8,0.4,30.62
IND-11066,2023-05-12,2023-05-13,First Class,Amit Verma,Corporate,Lucknow,Uttar Pradesh,Technology,Copiers,768.14,9,0.1,101.58
IND-11067,2021-06-08,2021-06-12,Same Day,Manish Gupta,Home Office,New Delhi,Delhi,Furniture,Chairs,1058.81,4,0.0,172.63
IND-11068,2021-03-15,2021-03-16,Standard Class,Sunita Chatterjee,Consumer,Chennai,Tamil Nadu,Furniture,Tables,1004.46,6,0.2,209.4
IND-11069,2022-11-29,2022-11-30,Second Class,Priya Saxena,Home Office,Surat,Gujarat,Office Supplies,Storage,4116.38,5,0.0,437.82
IND-11070,2022-07-12,2022-07-16,Second Class,Vivek Yadav,Home Office,Mysuru,Karnataka,Office Supplies,Storage,2176.67,3,0.0,295.94
IND-11071,2023-05-31,2023-06-03,Standard Class,Suresh Joshi,Home Office,Nashik,Maharashtra,Technology,Machines,4930.46,4,0.1,690.17
IND-11072,2021-05-18,2021-05-22,Same Day,Deepak Mishra,Home Office,Ahmedabad,Gujarat,Furniture,Furnishings,3213.11,7,0.2,202.75
IND-11073,2022-10-04,2022-10-08,Second Class,Sunita Agarwal,Home Office,Mangalore,Karnataka,Office Supplies,Storage,2426.5,3,0.0,943.88
IND-11074,2021-01-17,2021-01-20,Second Class,Nitin Joshi,Consumer,Pune,  maharashtra  ,Office Supplies,Art,1605.75,5,0.1,215.42
IND-11075,2022-10-18,2022-10-22,Same Day,Vivek Singh,Consumer,Udaipur,Rajasthan,Technology,Machines,3157.53,5,0.2,622.09
IND-11076,2022-05-10,2022-05-14,Standard Class,Anjali Yadav,Corporate,Coimbatore,Tamil Nadu,Office Supplies,Binders,2013.96,5,0.2,429.22
IND-11077,2022-09-11,2022-09-13,Standard Class,Priya Gupta,Home Office,Mangalore,Karnataka,Office Supplies,Storage,1493.17,9,0.4,-12.55
IND-11078,07/08/2021,2021-08-09,Second Class,Manish Tiwari,Corporate,Agra,Uttar Pradesh,Furniture,Chairs,380.02,2,0.3,24.5
IND-11079,2022-09-26,not available,Second Class,Vivek Mehta,Consumer,Ahmedabad,Gujarat,Office Supplies,Labels,1143.78,8,0.2,307.76
IND-11080,2021-02-05,2021-02-06,Standard Class,Rahul Agarwal,Consumer,Kanpur,Uttar Pradesh,Office Supplies,Labels,828.32,9,0.3,169.66
IND-11081,2021-01-20,2021-01-21,Same Day,Sunita Tiwari,Consumer,Mumbai,Maharashtra,Office Supplies,Labels,3279.19,1,0.2,593.0
IND-11082,2021-03-11,2021-03-15,Second Class,Sunita Chauhan,Home Office,Jaipur,Rajasthan,Technology,Phones,2620.53,2,0.3,-85.72
IND-11083,2023-04-26,2023-04-28,First Class,Sneha Sharma,Consumer,,  delhi  ,Furniture,Bookcases,1770.54,3,0.1,288.54
IND-11084,2022-08-02,2022-08-06,Standard Class,Deepak Gupta,Consumer,Nashik,Maharashtra,Furniture,Furnishings,2428.8,4,0.0,939.59
IND-11085,2022-04-26,2022-04-27,Second Class,Priya Joshi,Consumer,New Delhi,Delhi,Office Supplies,Binders,1333.92,2,0.3,19.71
IND-11086,2023-01-15,2023-01-16,Second Class,Arjun Sharma,Consumer,Vadodara,Gujarat,Furniture,Furnishings,999.76,2,N/A,170.2
IND-11087,18/03/2023,2023-03-21,First Class,Kavita Mishra,Consumer,Bengaluru,Karnataka,FURNITURE,Tables,499.09,7,0.1,95.35
IND-11088,2021-02-01,2021-02-02,Same Day,Manish Agarwal,Home Office,Surat,Gujarat,Technology,Accessories,392.79,9,0.4,14.3
IND-11089,2022-06-08,2022-06-12,Second Class,Sunita Joshi,Corporate,Kanpur,Uttar Pradesh,Office Supplies,Storage,4317.71,6,0.2,87.11
IND-11090,2022-12-28,2022-12-29,Second Class,Ritu Chatterjee,Corporate,Noida,Uttar Pradesh,Technology,Machines,3980.59,6,0.0,1352.92
IND-11091,2023-04-12,2023-04-14,First Class,Vivek Yadav,Corporate,Mumbai,Maharashtra,Furniture,Chairs,2429.46,3,0.0,736.96
IND-11092,2021-01-22,2021-01-25,Second Class,Rahul Singh,Home Office,Lucknow,Uttar Pradesh,Technology,Phones,4349.96,2,0.4,-367.93
IND-11093,2023-02-07,2023-02-10,Same Day,Pooja Mehta,Corporate,Bhopal,Madhya Pradesh,Technology,Machines,984.77,6,0.3,-22.62
IND-11094,2022-07-10,2022-07-14,Second Class,Sunita Mehta,Home Office,Mangalore,Karnataka,Office Supplies,Storage,489.8,5,0.4,95.49
IND-11095,2021-01-02,2021-01-03,Second Class,Deepak Agarwal,Home Office,Jaipur,Rajasthan,Office Supplies,Paper,818.43,4,0.4,76.54
IND-11096,2022-10-17,2022-10-21,Second Class,Suresh Yadav,Consumer,Indore,Madhya Pradesh,Technology,Phones,471.72,8,0.4,-25.23
IND-11097,2022-08-18,2022-08-20,Second Class,Amit Bansal,Corporate,,Karnataka,Furniture,Furnishings,3335.77,6,0.1,881.29
IND-11098,2022-03-16,2022-03-18,Standard Class,Neha Joshi,Corporate,Surat,Gujarat,Furniture,Furnishings,1548.01,8,0.3,357.0
IND-11099,2021-06-13,2021-06-17,First Class,Kavita Singh,Consumer,Mysuru,Karnataka,Office Supplies,Art,657.69,7,0.3,23.91
IND-11100,2021-05-19,2021-05-20,Standard Class,Pooja Gupta,Corporate,Indore,Madhya Pradesh,Technology,Machines,2246.76,5,0.2,84.99
IND-11101,2023-01-09,2023-01-10,Standard Class,Arjun Jain,Home Office,,Rajasthan,Office Supplies,Paper,4623.52,3,0.0,673.75
IND-11102,2022-09-27,2022-10-01,Second Class,Nitin Iyer,Corporate,Mumbai,Maharashtra,Office Supplies,Paper,2990.65,9,0.0,993.59
IND-11103,2022-11-21,2022-11-23,Second Class,Kiran Agarwal,Consumer,Bhopal,Madhya Pradesh,Technology,Phones,3876.83,3,0.1,450.22
IND-11104,2021-01-07,2021-01-08,Standard Class,Manish Chatterjee,Corporate,Pune,Maharashtra,Office Supplies,Art,3401.57,8,0.2,73.56
IND-11105,2021-09-24,2021-09-28,Standard Class,Ritu Joshi,Corporate,New Delhi,Delhi,Office Supplies,Storage,3410.04,7,0.4,-330.27
IND-11106,2021-06-24,2021-06-28,Second Class,Rohit Singh,Corporate,Howrah,West Bengal,Furniture,Furnishings,4360.49,4,0.4,-319.33
IND-11107,2023-04-06,2023-04-09,Second Class,Deepak Bansal,Consumer,Mangalore,Karnataka,Technology,Accessories,1730.89,6,0.3,364.55
IND-11108,2022-09-22,2022-09-23,Same Day,Suresh Saxena,Corporate,Chennai,Tamil Nadu,Furniture,Tables,664.64,6,0.3,10.96
IND-11109,2023-05-29,2023-05-31,Second Class,Suresh Chatterjee,Home Office,Vadodara,Gujarat,Technology,Phones,1017.6,8,0.4,170.53
IND-11110,2022-06-04,2022-06-05,Standard Class,Vikas Tiwari,Consumer,Lucknow,Uttar Pradesh,Technology,Phones,2983.07,1,0.1,277.64
IND-11111,2021-11-16,2021-11-18,Same Day,Vivek Bansal,Home Office,Howrah,West Bengal,Office Supplies,Storage,4743.1,6,0.3,-25.94
IND-11112,2021-08-10,2021-08-11,First Class,Manish Kumar,Consumer,Mangalore,Karnataka,Technology,Phones,1008.67,7,0.1,320.34
IND-11113,2021-04-17,2021-04-20,Same Day,Pooja Gupta,Corporate,Howrah,West Bengal,Furniture,Furnishings,3641.14,8,0.2,437.14
IND-11114,2021-06-23,2021-06-27,First Class,Ritu Mehta,Home Office,Howrah,West Bengal,Technology,Copiers,2533.16,6,0.2,198.36
IND-11115,2023-05-07,2023-05-10,First Class,Arjun Sharma,Home Office,Jaipur,Rajasthan,Office Supplies,Storage,2113.41,7,0.3,-33.82
IND-11116,2021-02-14,2021-02-15,First Class,Vikas Saxena,Corporate,Jaipur,Rajasthan,Technology,Copiers,3840.96,6,0.4,126.6
IND-11117,2022-12-14,2022-12-17,Same Day,Sneha Saxena,Home Office,Mumbai,Maharashtra,Furniture,Furnishings,2417.49,5,0.3,46.98
IND-11118,2023-06-08,2023-06-09,Second Class,Sunita Sharma,Home Office,New Delhi,Delhi,Office Supplies,Labels,2084.24,7,0.3,446.3
IND-11119,06/08/2021,2021-08-07,Second Class,Sneha Chauhan,Corporate,Bhopal,Madhya Pradesh,Office Supplies,Art,3132.57,5,0.3,556.74
IND-11120,2022-06-28,2022-07-02,Second Class,Ankit Kumar,Corporate,Howrah,West Bengal,Technology,Phones,269.03,4,0.1,40.51
IND-11121,2023-03-21,2023-03-23,Second Class,Kiran Jain,Home Office,Coimbatore,Tamil Nadu,Office Supplies,Storage,840.74,5,0.1,246.89
IND-11122,25/05/2023,2023-05-28,First Class,Rahul Singh,Home Office,Bhopal,Madhya Pradesh,Technology,Accessories,4541.21,3,0.0,1355.0
IND-11123,2021-03-30,2021-04-01,Same Day,Anjali Mishra,Home Office,Nagpur,Maharashtra,Office Supplies,Storage,3817.24,8,0.3,245.51
IND-11124,2022-08-14,2022-08-17,Second Class,Pooja Saxena,Corporate,Ahmedabad,Gujarat,Office Supplies,Labels,3331.91,3,0.0,364.39
IND-11125,2022-07-24,2022-07-25,Second Class,Deepak Gupta,Corporate,Mysuru,Karnataka,Technology,Phones,3010.34,8,0.0,402.49
IND-11126,2021-12-02,2021-12-06,Standard Class,Sneha Saxena,Consumer,Indore,Madhya Pradesh,Furniture,Chairs,3432.46,9,0.1,183.23
IND-11127,07/06/2022,2022-06-09,First Class,Ankit Saxena,Consumer,Jaipur,  rajasthan  ,Office Supplies,Art,2829.76,1,0.0,663.71
IND-11128,2022-02-22,2022-02-26,Same Day,Nitin Singh,Consumer,Kanpur,Uttar Pradesh,Technology,Accessories,3532.78,8,0.0,989.23
IND-11129,2021-03-16,2021-03-17,Standard Class,Priya Mehta,Home Office,Udaipur,Rajasthan,Office Supplies,Binders,4566.91,1,0.2,1012.16
IND-11130,02/10/2022,2022-10-04,Standard Class,Anjali Iyer,Consumer,Madurai,Tamil Nadu,Technology,Copiers,1507.64,5,0.3,374.14
IND-11131,2021-08-23,2021-08-27,Same Day,Ankit Saxena,Consumer,New Delhi,Delhi,Furniture,Tables,4131.37,9,0.0,718.04
IND-11132,2021-11-01,2021-11-02,First Class,Anjali Verma,Corporate,Bengaluru,Karnataka,Technology,Copiers,1446.91,3,0.1,499.98
IND-11133,2022-04-21,2022-04-24,First Class,Sunita Singh,Corporate,Jaipur,Rajasthan,Furniture,Furnishings,2797.29,8,N/A,518.07
IND-11134,2023-03-24,2023-03-27,Same Day,Rohit Yadav,Corporate,Pune,Maharashtra,Furniture,Tables,3921.46,5,0.2,840.62
IND-11135,2021-02-19,2021-02-22,Second Class,Rohit Singh,Corporate,Udaipur,Rajasthan,Technology,Machines,877.02,5,0.0,148.98
IND-11136,2021-01-30,2021-02-02,Standard Class,Suresh Gupta,Corporate,Kolkata,West Bengal,Technology,Machines,669.21,9,0.3,-20.07
IND-11137,2023-03-11,2023-03-12,Second Class,,Corporate,Bengaluru,Karnataka,Technology,Phones,4235.79,4,0.3,-182.97
IND-11138,2021-01-09,2021-01-10,First Class,Vikas Verma,Home Office,Mumbai,Maharashtra,Office Supplies,Labels,1219.93,4,0.0,273.19
IND-11139,2021-09-12,2021-09-14,Same Day,Kiran Jain,Corporate,Mangalore,Karnataka,Technology,Phones,225.29,9,0.4,44.1
IND-11140,2022-09-17,2022-09-19,Standard Class,Priya Yadav,Corporate,Nagpur,Maharashtra,Technology,Phones,4277.06,6,0.1,438.57
IND-11141,2023-02-01,2023-02-04,Standard Class,Kavita Tiwari,Consumer,Kanpur,Uttar Pradesh,Office Supplies,Labels,4291.23,5,0.1,622.33
IND-11142,2022-04-02,2022-04-06,Standard Class,Manish Kumar,Home Office,Jaipur,Rajasthan,Technology,Machines,1475.95,1,0.2,138.0
IND-11143,2022-08-23,2022-08-26,Standard Class,Amit Gupta,Consumer,Bengaluru,Karnataka,Technology,Accessories,2303.92,1,0.2,136.97
IND-11144,2021-09-13,2021-09-17,Standard Class,Kavita Joshi,Home Office,New Delhi,  delhi  ,Furniture,Chairs,2960.34,5,0.0,350.95
IND-11145,2021-10-20,2021-10-21,Same Day,Arjun Kapoor,Consumer,Kanpur,Uttar Pradesh,Technology,Accessories,1465.22,1,0.2,115.42
IND-11146,2022-03-13,2022-03-17,Standard Class,Suresh Yadav,Corporate,Mumbai,Maharashtra,Furniture,Tables,4045.69,8,0.1,1106.47
IND-11147,2022-07-29,2022-07-31,First Class,Deepak Verma,Home Office,New Delhi,Delhi,Technology,Machines,1733.36,7,0.0,431.43
IND-11148,2022-02-05,2022-02-07,Standard Class,Sneha Pandey,Corporate,Chennai,Tamil Nadu,Technology,Machines,4272.53,8,0.2,829.66
IND-11149,06/01/2023,2023-01-07,First Class,Kiran Saxena,Consumer,,West Bengal,Furniture,Chairs,3370.6,1,0.3,601.81
IND-11150,2023-03-22,2023-03-25,First Class,Vivek Iyer,Corporate,Bengaluru,Karnataka,Technology,Copiers,1838.63,4,0.2,525.19
IND-11151,2023-05-02,2023-05-06,First Class,Ankit Kapoor,Consumer,Jaipur,Rajasthan,Office Supplies,Binders,2675.83,6,0.2,297.99
IND-11152,2021-11-29,2021-12-03,Second Class,Sneha Chauhan,Corporate,Bhopal,Madhya Pradesh,Office Supplies,Storage,4786.37,7,0.4,-63.86
IND-11153,19/08/2021,2021-08-22,Second Class,Anjali Gupta,Home Office,Mysuru,Karnataka,Technology,Copiers,1355.49,5,0.0,173.74
IND-11154,2021-02-19,2021-02-21,First Class,Nitin Jain,Corporate,Lucknow,Uttar Pradesh,Technology,Copiers,1333.13,4,0.3,253.23
IND-11155,2022-07-28,2022-07-30,Second Class,Suresh Jain,Home Office,New Delhi,Delhi,OFFICE SUPPLIES,Art,3191.36,4,0.4,48.8
IND-11156,2022-05-13,2022-05-17,Standard Class,Anjali Chatterjee,Corporate,Mumbai,Maharashtra,Furniture,Bookcases,3750.87,8,0.2,70.42
IND-11157,2022-04-06,2022-04-07,First Class,Anjali Verma,Corporate,Udaipur,Rajasthan,Office Supplies,Binders,1668.6,7,0.3,40.98
IND-11158,2022-03-14,2022-03-15,First Class,Sneha Kumar,Consumer,Agra,Uttar Pradesh,Office Supplies,Binders,4320.92,2,0.2,1286.37
IND-11159,2022-02-23,2022-02-25,Second Class,Suresh Mishra,Consumer,Agra,Uttar Pradesh,Office Supplies,Paper,1347.9,1,0.4,258.52
IND-11160,2022-09-17,2022-09-19,Standard Class,,Consumer,Vadodara,Gujarat,Office Supplies,Labels,842.79,6,0.0,301.08
IND-11161,2022-12-11,2022-12-12,Standard Class,Nitin Singh,Consumer,Agra,Uttar Pradesh,Office Supplies,Labels,4575.03,4,0.2,1304.73
IND-11162,2021-03-22,2021-03-23,Second Class,Manish Gupta,Corporate,Ahmedabad,Gujarat,Technology,Phones,1087.0,9,0.2,207.84
IND-11163,2022-11-07,2022-11-08,Second Class,Kiran Tiwari,Consumer,Udaipur,Rajasthan,Office Supplies,Paper,761.44,1,0.4,90.74
IND-11164,2023-04-17,2023-04-20,Standard Class,Nitin Chatterjee,Corporate,Mumbai,Maharashtra,Technology,Machines,4202.07,6,0.3,1015.34
IND-11165,2022-06-23,2022-06-26,Standard Class,Manish Singh,Consumer,Mysuru,Karnataka,Furniture,Furnishings,4943.8,5,0.4,188.07
IND-11166,2022-03-06,2022-03-07,Standard Class,Kavita Patel,Home Office,Nashik,Maharashtra,Office Supplies,Storage,3652.08,1,0.2,450.26
IND-11167,2023-02-25,2023-02-27,First Class,Anjali Joshi,Corporate,Mysuru,Karnataka,Technology,Copiers,4902.52,6,0.3,12.66
IND-11168,2023-03-31,2023-04-01,Second Class,Rohit Patel,Corporate,New Delhi,Delhi,Office Supplies,Labels,2397.62,4,0.3,60.42
IND-11169,2022-03-01,2022-03-04,Standard Class,Neha Saxena,Consumer,Udaipur,Rajasthan,Technology,Machines,3122.81,5,0.0,932.25
IND-11170,2021-03-27,2021-03-29,Standard Class,Deepak Singh,Corporate,New Delhi,Delhi,Furniture,Chairs,2791.94,8,0.2,101.36
IND-11171,2022-12-10,2022-12-11,Second Class,Suresh Saxena,Consumer,Agra,Uttar Pradesh,Office Supplies,Paper,1378.97,9,0.2,191.44
IND-11172,2022-12-24,2022-12-25,Same Day,Ankit Mishra,Home Office,New Delhi,Delhi,Furniture,Furnishings,4479.88,4,0.3,584.3
IND-11173,14/08/2021,2021-08-18,First Class,Arjun Gupta,Home Office,Noida,Uttar Pradesh,Office Supplies,Binders,4660.88,5,0.0,1132.67
IND-11174,2022-05-31,2022-06-02,First Class,Sunita Yadav,Home Office,Ahmedabad,Gujarat,Office Supplies,Paper,3600.65,2,0.2,41.03
IND-11175,2022-12-05,2022-12-09,First Class,Vivek Joshi,Corporate,,Karnataka,Technology,Copiers,2197.33,8,0.1,685.12
IND-11176,2021-12-01,2021-12-05,Standard Class,Kiran Mehta,Corporate,Agra,Uttar Pradesh,Office Supplies,Art,476.04,1,0.3,69.56
IND-11177,2023-02-11,2023-02-14,First Class,Suresh Singh,Home Office,Howrah,West Bengal,Furniture,Chairs,4679.79,2,0.4,575.6
IND-11178,2022-07-16,2022-07-20,Second Class,Rahul Chauhan,Consumer,Agra,Uttar Pradesh,Technology,Copiers,827.78,8,0.3,-14.79
IND-11179,2022-10-09,2022-10-11,Standard Class,Vikas Tiwari,Corporate,Surat,Gujarat,Technology,Accessories,2589.19,7,0.4,81.62
IND-11180,2021-03-28,2021-04-01,First Class,Neha Verma,Home Office,Mumbai,Maharashtra,Office Supplies,Paper,2613.22,4,0.0,656.77
IND-11181,2022-04-23,2022-04-25,Same Day,Ritu Agarwal,Home Office,Chennai,Tamil Nadu,Technology,Accessories,2861.2,9,0.3,577.98
IND-11182,2022-03-16,2022-03-18,First Class,Manish Sharma,Home Office,Vadodara,Gujarat,Office Supplies,Labels,2791.33,9,0.1,679.49
IND-11183,2022-12-13,2022-12-17,First Class,Arjun Saxena,Consumer,Nashik,Maharashtra,Furniture,Tables,793.35,5,0.2,181.2
IND-11184,2021-11-18,2021-11-21,Standard Class,Kavita Bansal,Home Office,Madurai,  tamil nadu  ,Technology,Accessories,3442.57,6,0.1,925.04
IND-11185,2022-08-13,2022-08-17,Second Class,Sneha Kumar,Home Office,Bhopal,Madhya Pradesh,Furniture,Bookcases,3161.7,2,0.3,685.61
IND-11186,2023-05-02,2023-05-05,First Class,Deepak Kumar,Corporate,Jaipur,Rajasthan,Office Supplies,Binders,727.94,1,0.4,92.7
IND-11187,2021-04-13,2021-04-17,Same Day,Kavita Gupta,Home Office,Jaipur,Rajasthan,Furniture,Chairs,2945.51,5,0.3,365.3
IND-11188,2021-07-16,2021-07-19,Standard Class,Vivek Kumar,Home Office,Mysuru,Karnataka,Office Supplies,Art,4181.76,8,N/A,685.17
IND-11189,2021-02-27,2021-03-02,Same Day,Ankit Kumar,Consumer,Udaipur,Rajasthan,Technology,Copiers,1420.75,9,0.2,89.02
IND-11190,2021-07-28,2021-07-30,Standard Class,Rahul Pandey,Consumer,Bhopal,Madhya Pradesh,Office Supplies,Storage,3105.03,8,0.1,246.18
IND-11191,2021-02-06,2021-02-10,Same Day,Vikas Jain,Corporate,Kanpur,Uttar Pradesh,Office Supplies,Labels,2295.78,2,0.3,-52.76
IND-11192,2021-03-17,2021-03-19,First Class,Rahul Kapoor,Consumer,Howrah,West Bengal,Office Supplies,Labels,433.11,8,0.4,-42.64
IND-11193,2021-07-31,2021-08-02,First Class,Rahul Tiwari,Home Office,Mangalore,Karnataka,Office Supplies,Paper,978.59,4,0.2,90.67
IND-11194,2022-12-14,2022-12-15,Second Class,Kavita Bansal,Home Office,Ahmedabad,Gujarat,Office Supplies,Storage,4717.38,4,0.3,829.23
IND-11195,2023-04-12,2023-04-13,Same Day,Kavita Agarwal,Consumer,Nagpur,Maharashtra,Technology,Machines,2080.29,8,0.0,565.36
IND-11196,2023-05-17,2023-05-18,Same Day,Suresh Agarwal,Consumer,Udaipur,Rajasthan,TECHNOLOGY,Machines,4839.95,9,0.3,1193.38
IND-11197,2022-05-24,2022-05-27,Second Class,Kavita Joshi,Consumer,Jaipur,Rajasthan,Office Supplies,Paper,4099.53,7,0.2,96.08
IND-11198,2021-12-02,2021-12-05,First Class,Suresh Gupta,Home Office,Chennai,Tamil Nadu,Office Supplies,Paper,1534.04,3,0.0,489.32
IND-11199,2022-03-21,2022-03-23,Standard Class,Sneha Saxena,Corporate,Udaipur,Rajasthan,Technology,Machines,4075.47,3,0.1,696.67
IND-11200,2022-09-09,2022-09-13,Standard Class,Sneha Agarwal,Corporate,Mumbai,Maharashtra,Furniture,Furnishings,4673.13,1,0.1,357.05
IND-11201,2021-05-12,2021-05-16,Second Class,Suresh Kapoor,Consumer,Indore,Madhya Pradesh,Furniture,Tables,779.93,5,0.2,229.66
IND-11202,2022-05-25,2022-05-28,Standard Class,Ankit Kumar,Corporate,Surat,Gujarat,Furniture,Furnishings,960.0,4,0.4,-21.38
IND-11203,2022-10-28,2022-11-01,Same Day,Ankit Pandey,Home Office,New Delhi,Delhi,Technology,Copiers,2524.22,7,0.1,605.56
IND-11204,2022-04-22,2022-04-23,First Class,Manish Yadav,Corporate,Mangalore,Karnataka,Technology,Machines,1852.79,6,0.2,500.12
IND-11205,2022-10-05,2022-10-06,Standard Class,Suresh Kumar,Home Office,Howrah,West Bengal,Technology,Copiers,3855.12,8,0.1,279.4
IND-11206,2022-11-05,2022-11-06,Standard Class,Ankit Saxena,Home Office,Mangalore,Karnataka,Office Supplies,Binders,2353.99,1,0.4,355.73
IND-11207,2021-04-16,2021-04-19,Second Class,Rahul Joshi,Consumer,Coimbatore,Tamil Nadu,Furniture,Bookcases,3719.48,6,0.4,-62.0
IND-11208,2021-04-18,2021-04-21,Same Day,Sneha Yadav,Home Office,Bengaluru,Karnataka,Technology,Phones,2398.1,9,0.2,552.38
IND-11209,2021-08-11,2021-08-12,Standard Class,Ritu Kapoor,Home Office,Udaipur,Rajasthan,Office Supplies,Labels,2300.27,7,0.2,317.68
IND-11210,2023-04-12,2023-04-13,Standard Class,Anjali Patel,Home Office,Agra,Uttar Pradesh,Technology,Copiers,2368.32,1,0.1,239.75
IND-11211,2023-05-05,2023-05-08,Standard Class,Ankit Patel,Home Office,Kolkata,West Bengal,Technology,Accessories,2215.81,8,0.1,389.04
IND-11212,2021-01-26,2021-01-28,Second Class,Pooja Iyer,Consumer,Bhopal,Madhya Pradesh,Office Supplies,Binders,4521.54,5,0.3,635.65
IND-11213,2021-09-02,2021-09-04,Standard Class,Ritu Saxena,Consumer,Indore,Madhya Pradesh,Technology,Accessories,3494.01,7,0.1,730.53
IND-11214,2023-03-21,2023-03-24,Standard Class,Priya Gupta,Home Office,Coimbatore,Tamil Nadu,Furniture,Tables,1226.34,2,0.4,228.15
IND-11215,2023-05-05,2023-05-08,Second Class,Priya Saxena,Home Office,Jaipur,Rajasthan,Furniture,Furnishings,4017.46,4,0.0,968.01
IND-11216,2021-08-24,2021-08-28,Same Day,Rahul Mishra,Corporate,Nashik,Maharashtra,TECHNOLOGY,Copiers,4706.34,4,0.0,770.53
IND-11217,2022-01-27,2022-01-31,Standard Class,Vikas Singh,Corporate,Bhopal,Madhya Pradesh,Office Supplies,Storage,1377.27,4,0.2,405.67
IND-11218,2022-06-21,2022-06-22,Same Day,Priya Agarwal,Corporate,Bhopal,Madhya Pradesh,Technology,Machines,1762.48,5,0.4,252.69
IND-11219,2021-08-12,2021-08-16,Second Class,Sunita Iyer,Consumer,Bhopal,Madhya Pradesh,Furniture,Chairs,3677.46,8,0.3,681.16
IND-11220,2021-03-03,2021-03-07,Second Class,Suresh Singh,Corporate,Bhopal,Madhya Pradesh,Furniture,Chairs,847.12,8,0.1,224.04
IND-11221,2021-03-16,2021-03-19,Standard Class,Vivek Pandey,Corporate,Kolkata,West Bengal,Technology,Copiers,338.55,7,0.3,-6.3
IND-11222,2022-07-25,2022-07-29,Same Day,Suresh Bansal,Corporate,Mysuru,Karnataka,Furniture,Chairs,4050.32,2,0.3,47.18
IND-11223,2023-01-22,2023-01-23,Second Class,Sneha Jain,Consumer,Surat,Gujarat,Furniture,Chairs,1852.22,3,0.2,534.71
IND-11224,2022-06-28,2022-07-01,Second Class,Kavita Iyer,Home Office,Jaipur,Rajasthan,OFFICE SUPPLIES,Paper,2611.26,8,0.0,368.96
IND-11225,2023-06-14,2023-06-15,Same Day,Priya Sharma,Corporate,Coimbatore,Tamil Nadu,Office Supplies,Art,2161.16,1,0.1,340.79
IND-11226,2022-10-28,2022-10-30,Same Day,Sneha Saxena,Consumer,Kolkata,West Bengal,Office Supplies,Storage,3991.74,8,0.3,708.17
IND-11227,2022-08-22,2022-08-25,First Class,Rohit Kumar,Consumer,Coimbatore,Tamil Nadu,Office Supplies,Labels,3068.11,7,0.4,370.25
IND-11228,2023-03-16,2023-03-17,Standard Class,Arjun Singh,Consumer,Pune,Maharashtra,Office Supplies,Paper,1334.89,8,0.2,177.87
IND-11229,2021-12-09,2021-12-11,Second Class,Sunita Bansal,Consumer,New Delhi,Delhi,Furniture,Bookcases,649.64,5,N/A,130.0
IND-11230,2022-08-31,2022-09-02,Standard Class,Vivek Jain,Corporate,Mumbai,Maharashtra,Technology,Phones,4770.58,2,0.4,-127.73
IND-11231,2022-08-30,2022-09-03,Same Day,Rohit Gupta,Home Office,Bhopal,Madhya Pradesh,Technology,Accessories,201.82,1,0.2,4.72
IND-11232,2022-03-30,2022-04-01,Standard Class,Anjali Jain,Home Office,Bengaluru,Karnataka,Technology,Machines,430.7,8,0.0,139.57
IND-11233,2022-11-27,2022-12-01,Standard Class,Nitin Mishra,Corporate,Bhopal,Madhya Pradesh,Technology,Copiers,4798.71,5,0.2,1295.88
IND-11234,2022-10-31,2022-11-03,Second Class,Deepak Patel,Consumer,Jaipur,Rajasthan,Technology,Accessories,2737.73,7,0.1,636.95
IND-11235,2022-07-03,2022-07-06,Standard Class,Ankit Kumar,Consumer,Vadodara,Gujarat,Technology,Copiers,2097.38,4,0.1,589.88
IND-11236,2021-09-29,2021-10-02,First Class,Amit Yadav,Consumer,Lucknow,Uttar Pradesh,Furniture,Tables,1527.26,6,0.0,455.28
IND-11237,2021-07-28,2021-07-30,Second Class,Sneha Jain,Home Office,Surat,Gujarat,Furniture,Furnishings,413.86,8,0.4,-35.26
IND-11238,2021-06-23,2021-06-26,Second Class,Deepak Gupta,Consumer,Nashik,Maharashtra,Technology,Phones,1147.24,3,0.4,17.76
IND-11239,18/06/2022,2022-06-19,First Class,Vikas Joshi,Home Office,Bhopal,Madhya Pradesh,Furniture,Tables,4076.55,6,0.0,479.03
IND-11240,2023-02-10,2023-02-13,First Class,Suresh Tiwari,Home Office,Coimbatore,Tamil Nadu,Technology,Phones,"4,183.01",2,0.4,193.33
IND-11241,2022-10-24,2022-10-27,First Class,Pooja Mishra,Home Office,Ahmedabad,Gujarat,Office Supplies,Art,2720.96,4,0.0,344.35
IND-11242,2021-01-30,2021-02-01,Standard Class,Ankit Bansal,Corporate,New Delhi,Delhi,Furniture,Bookcases,4121.27,8,0.4,-97.59
IND-11243,2022-06-01,2022-06-03,Same Day,Vivek Gupta,Home Office,Nagpur,Maharashtra,Furniture,Furnishings,4397.83,8,0.0,1217.27
IND-11244,2022-01-02,2022-01-06,Same Day,Manish Patel,Consumer,Mysuru,Karnataka,Technology,Copiers,4970.69,2,0.0,1615.16
IND-11245,2021-05-30,2021-06-03,First Class,Neha Bansal,Consumer,Udaipur,Rajasthan,Technology,Phones,643.49,1,0.3,-3.87
IND-11246,2021-11-13,2021-11-14,Same Day,Suresh Patel,Corporate,Nashik,Maharashtra,Office Supplies,Art,1000.6,5,0.2,250.96
IND-11247,2023-03-25,2023-03-27,Same Day,Amit Gupta,Corporate,Mysuru,Karnataka,Office Supplies,Binders,438.37,3,0.1,148.21
IND-11248,2021-02-19,2021-02-20,Same Day,Priya Chauhan,Home Office,,Tamil Nadu,Technology,Accessories,2561.69,4,0.0,933.31
IND-11249,2021-11-24,2021-11-25,Same Day,Arjun Kapoor,Home Office,Mangalore,Karnataka,Technology,Machines,"2,177.95",5,0.1,566.8
IND-11250,2021-10-04,2021-10-07,First Class,Neha Gupta,Home Office,Coimbatore,Tamil Nadu,Office Supplies,Paper,393.59,6,0.4,38.84
IND-11251,2022-12-26,2022-12-29,Same Day,Anjali Pandey,Consumer,Mangalore,Karnataka,Technology,Phones,4110.42,9,0.4,693.98
IND-11252,2023-04-27,2023-05-01,First Class,Neha Jain,Consumer,Surat,Gujarat,Furniture,Chairs,1258.43,9,0.1,202.76
IND-11253,2021-11-19,2021-11-20,Second Class,,Corporate,Noida,Uttar Pradesh,Technology,Machines,469.59,3,0.0,130.71
IND-11254,2021-02-17,2021-02-19,First Class,Amit Yadav,Consumer,Vadodara,Gujarat,Office Supplies,Labels,3668.62,9,0.1,657.2
IND-11255,2022-06-05,2022-06-09,Standard Class,Pooja Bansal,Home Office,Noida,Uttar Pradesh,Office Supplies,Binders,2565.95,7,0.2,379.4
IND-11256,2022-08-07,2022-08-08,Standard Class,Rahul Gupta,Home Office,Madurai,Tamil Nadu,Technology,Copiers,716.88,3,0.1,52.78
IND-11257,2022-06-19,2022-06-23,Second Class,Kavita Jain,Home Office,Madurai,Tamil Nadu,Office Supplies,Paper,4959.5,4,0.4,-75.43
IND-11258,2021-06-16,2021-06-18,Same Day,Suresh Sharma,Home Office,Bengaluru,Karnataka,Furniture,Tables,1437.94,4,0.1,302.1
IND-11259,2023-02-21,2023-02-23,First Class,Ankit Tiwari,Home Office,Lucknow,Uttar Pradesh,Office Supplies,Paper,1033.76,6,0.0,377.89
IND-11260,2023-02-21,2023-02-25,Same Day,Arjun Iyer,Corporate,Vadodara,Gujarat,Technology,Phones,314.35,1,0.3,45.91
IND-11261,2022-02-13,2022-02-14,First Class,Vikas Patel,Home Office,New Delhi,Delhi,Technology,Machines,4815.24,9,0.4,119.09
IND-11262,2023-02-22,2023-02-24,First Class,Sneha Gupta,Consumer,Bhopal,Madhya Pradesh,Office Supplies,Labels,740.77,3,0.0,213.63
IND-11263,2021-03-22,2021-03-26,First Class,Sunita Singh,Home Office,Udaipur,Rajasthan,Technology,Machines,2830.31,7,0.2,152.24
IND-11264,2021-01-07,2021-01-10,Second Class,Vikas Bansal,Consumer,Udaipur,Rajasthan,Office Supplies,Art,4091.61,7,0.3,236.86
IND-11265,2022-10-31,2022-11-04,Standard Class,Vivek Chauhan,Corporate,Chennai,Tamil Nadu,Technology,Copiers,4438.44,6,0.1,390.32
IND-11266,2021-11-03,2021-11-06,Second Class,Arjun Sharma,Home Office,New Delhi,Delhi,Furniture,Tables,2252.21,6,0.3,3.51
IND-11267,2021-02-08,2021-02-09,Standard Class,Arjun Chauhan,Consumer,New Delhi,Delhi,Technology,Accessories,805.82,7,0.4,77.17
IND-11268,2022-07-29,2022-08-02,Standard Class,Nitin Saxena,Consumer,Bengaluru,Karnataka,Technology,Phones,1555.99,5,0.0,545.6
IND-11269,2023-06-08,2023-06-11,Same Day,,Corporate,New Delhi,Delhi,Office Supplies,Binders,2241.42,7,0.3,320.69
IND-11270,2022-10-07,2022-10-08,Standard Class,Ritu Singh,Home Office,Chennai,Tamil Nadu,Technology,Phones,2458.48,3,0.2,489.99
IND-11271,2023-03-27,2023-03-29,Same Day,Manish Mishra,Home Office,New Delhi,Delhi,Furniture,Furnishings,1388.28,4,0.4,191.6
IND-11272,2022-05-10,2022-05-12,Second Class,Kiran Iyer,Corporate,Bengaluru,Karnataka,Office Supplies,Labels,1961.12,7,0.1,589.89
IND-11273,2021-04-14,2021-04-16,Second Class,Sunita Sharma,Corporate,Indore,Madhya Pradesh,Office Supplies,Paper,3321.47,5,0.0,1166.65
IND-11274,2021-02-26,2021-03-02,Same Day,Arjun Jain,Consumer,,Madhya Pradesh,Furniture,Chairs,442.06,9,0.1,118.72
IND-11275,2021-02-12,2021-02-15,Standard Class,Neha Pandey,Corporate,Bhopal,Madhya Pradesh,Furniture,Furnishings,3332.32,7,0.3,94.53
IND-11276,2021-07-15,2021-07-18,First Class,Sunita Joshi,Home Office,New Delhi,Delhi,Furniture,Furnishings,3827.83,1,0.1,463.99
IND-11277,2022-12-25,2022-12-28,Second Class,Anjali Mishra,Home Office,New Delhi,Delhi,Technology,Copiers,830.45,4,0.4,0.29
IND-11278,2021-11-28,2021-12-01,Same Day,Nitin Pandey,Corporate,Nagpur,Maharashtra,Technology,Accessories,706.36,9,0.1,195.67
IND-11279,2021-04-05,2021-04-07,Same Day,Arjun Tiwari,Consumer,Surat,Gujarat,Office Supplies,Storage,3584.29,9,0.2,532.29
IND-11280,2022-02-25,2022-02-28,Second Class,Kavita Chauhan,Consumer,Ahmedabad,Gujarat,Furniture,Chairs,1826.5,4,0.3,197.97
IND-11281,2021-07-11,2021-07-14,Second Class,Pooja Chauhan,Home Office,Udaipur,Rajasthan,Furniture,Furnishings,2369.44,5,0.1,427.8
IND-11282,2021-09-30,2021-10-02,Second Class,Anjali Mehta,Consumer,Noida,Uttar Pradesh,Office Supplies,Binders,888.38,7,0.2,32.48
IND-11283,2023-06-13,2023-06-16,Second Class,Rahul Gupta,Corporate,Kolkata,West Bengal,Furniture,Chairs,2899.92,1,0.0,752.44
IND-11284,2021-11-19,2021-11-23,Second Class,Rohit Patel,Consumer,Kolkata,West Bengal,Technology,Phones,"4,289.14",7,0.4,-221.05
IND-11285,2021-03-16,2021-03-17,Second Class,Manish Patel,Consumer,Chennai,Tamil Nadu,Furniture,Chairs,1950.26,7,0.3,239.24
IND-11286,2023-02-16,2023-02-19,Second Class,Ankit Gupta,Corporate,Nagpur,Maharashtra,Furniture,Chairs,3765.97,6,0.1,963.81
IND-11287,09/05/2022,2022-05-13,First Class,Rahul Verma,Consumer,New Delhi,Delhi,Furniture,Bookcases,2417.12,3,0.4,184.17
IND-11288,2021-06-18,2021-06-19,Same Day,Neha Kumar,Home Office,Bhopal,Madhya Pradesh,Technology,Accessories,4489.71,8,0.2,1061.94
IND-11289,2022-10-05,2022-10-07,Same Day,Neha Patel,Home Office,Pune,  maharashtra  ,Furniture,Chairs,702.88,7,0.1,153.71
IND-11290,21/06/2021,2021-06-23,Same Day,,Consumer,Kanpur,Uttar Pradesh,Office Supplies,Binders,3965.95,1,0.0,1256.91
IND-11291,28/06/2022,2022-07-01,Second Class,Ritu Kapoor,Corporate,Mangalore,Karnataka,Office Supplies,Labels,4567.79,3,0.1,481.62
IND-11292,2021-03-11,2021-03-15,Same Day,Manish Chauhan,Corporate,Jaipur,Rajasthan,Furniture,Furnishings,4415.33,6,0.1,483.56
IND-11293,2021-03-12,2021-03-14,Same Day,Pooja Kapoor,Consumer,Kanpur,Uttar Pradesh,Office Supplies,Paper,1049.08,5,0.2,289.25
IND-11294,2021-03-14,2021-03-17,Same Day,Sunita Patel,Home Office,Pune,Maharashtra,Technology,Phones,4477.17,8,0.0,1107.34
IND-11295,2022-04-26,2022-04-28,Standard Class,Kiran Patel,Corporate,Jaipur,Rajasthan,Office Supplies,Binders,3635.1,5,0.0,1218.17
IND-11296,2022-11-11,2022-11-13,Second Class,Kiran Chatterjee,Home Office,New Delhi,Delhi,Technology,Accessories,2926.36,3,0.0,932.66
IND-11297,2022-01-18,2022-01-22,First Class,Deepak Agarwal,Home Office,Bengaluru,Karnataka,Furniture,Bookcases,4289.51,7,0.3,537.57
IND-11298,2022-10-22,2022-10-23,Standard Class,Kavita Bansal,Consumer,Kolkata,West Bengal,Office Supplies,Binders,2048.87,6,0.1,340.25
IND-11299,2021-08-20,2021-08-24,Standard Class,Arjun Chatterjee,Consumer,New Delhi,Delhi,Technology,Phones,2759.61,8,0.0,319.81
IND-11300,2021-06-21,2021-06-25,Second Class,Rohit Joshi,Corporate,Indore,Madhya Pradesh,Technology,Accessories,877.67,9,0.2,205.16
IND-11301,2023-01-12,2023-01-15,Second Class,Priya Pandey,Home Office,Mangalore,Karnataka,Office Supplies,Labels,4816.01,8,0.0,1447.49
IND-11302,2021-03-27,2021-03-30,Standard Class,Vikas Singh,Consumer,Lucknow,Uttar Pradesh,Office Supplies,Binders,1439.39,8,0.0,307.64
IND-11303,2021-06-26,2021-06-29,Second Class,Amit Kapoor,Consumer,Nagpur,Maharashtra,Technology,Copiers,1348.71,6,N/A,-42.61
IND-11304,2023-06-06,2023-06-08,Standard Class,Suresh Chatterjee,Corporate,Madurai,Tamil Nadu,Furniture,Furnishings,4485.08,7,0.2,1299.65
IND-11305,2022-07-19,2022-07-20,Standard Class,Suresh Chatterjee,Home Office,Ahmedabad,Gujarat,Technology,Accessories,2063.29,2,0.0,786.58
IND-11306,2022-01-15,2022-01-16,Second Class,Vivek Kapoor,Corporate,Bhopal,Madhya Pradesh,Office Supplies,Binders,685.98,1,0.3,87.16
IND-11307,2021-06-11,2021-06-13,First Class,Ritu Agarwal,Home Office,New Delhi,Delhi,Technology,Machines,4824.29,6,0.1,1335.28
IND-11308,2023-01-04,2023-01-08,Standard Class,Ritu Singh,Consumer,Indore,Madhya Pradesh,Furniture,Furnishings,1605.41,9,0.2,442.87
IND-11309,2022-10-13,2022-10-14,Same Day,Rahul Kumar,Consumer,Howrah,West Bengal,Office Supplies,Binders,838.29,7,0.3,-6.36
IND-11310,2022-03-23,2022-03-27,Second Class,Anjali Tiwari,Home Office,Chennai,Tamil Nadu,Technology,Accessories,2108.65,7,0.3,64.55
IND-11311,2023-01-31,2023-02-03,First Class,Nitin Gupta,Home Office,Mumbai,Maharashtra,Furniture,Chairs,507.82,4,0.0,94.19
IND-11312,2022-10-22,2022-10-26,First Class,Kavita Singh,Consumer,Jaipur,Rajasthan,Furniture,Tables,3129.6,2,0.0,1201.54
IND-11313,2022-08-25,2022-08-28,Same Day,Rohit Chatterjee,Corporate,Mumbai,Maharashtra,Technology,Machines,984.61,3,0.1,282.23
IND-11314,2022-10-24,2022-10-27,Same Day,Ritu Jain,Home Office,Coimbatore,Tamil Nadu,Furniture,Bookcases,3835.66,4,0.3,83.22
IND-11315,2021-12-14,2021-12-15,Second Class,Deepak Tiwari,Home Office,Pune,Maharashtra,Furniture,Bookcases,1870.92,6,0.1,523.95
IND-11316,2021-08-01,2021-08-03,Standard Class,Kiran Agarwal,Consumer,Udaipur,Rajasthan,Office Supplies,Paper,3593.28,3,0.4,608.36
IND-11317,2023-01-21,2023-01-24,First Class,Ritu Bansal,Consumer,Agra,Uttar Pradesh,Technology,Copiers,1122.22,8,0.2,293.17
IND-11318,2022-06-20,2022-06-23,Second Class,Arjun Chatterjee,Corporate,Indore,Madhya Pradesh,Office Supplies,Labels,2589.72,2,0.3,82.06
IND-11319,2022-05-31,2022-06-01,First Class,Rahul Bansal,Consumer,Coimbatore,Tamil Nadu,Office Supplies,Storage,291.17,2,0.0,86.32
IND-11320,2021-10-10,2021-10-14,Standard Class,Rohit Mishra,Home Office,Mangalore,Karnataka,Office Supplies,Binders,1382.38,6,0.4,-117.69
IND-11321,2022-09-10,2022-09-13,First Class,Pooja Chatterjee,Consumer,Mysuru,Karnataka,Office Supplies,Binders,4574.21,9,0.4,833.34
IND-11322,2023-03-02,2023-03-04,Standard Class,Deepak Pandey,Corporate,Madurai,Tamil Nadu,Office Supplies,Binders,3792.31,8,0.3,801.77
IND-11323,2023-05-21,2023-05-22,Same Day,Kavita Kumar,Corporate,Noida,Uttar Pradesh,Office Supplies,Labels,4308.17,7,0.1,597.72
IND-11324,2021-04-04,2021-04-05,First Class,Deepak Yadav,Corporate,Bengaluru,Karnataka,Office Supplies,Storage,1220.54,3,0.3,260.33
IND-11325,2022-06-23,2022-06-24,Standard Class,Sunita Iyer,Home Office,Chennai,Tamil Nadu,Technology,Machines,459.25,3,0.0,48.59
IND-11326,2022-04-24,2022-04-25,First Class,Arjun Iyer,Consumer,Howrah,West Bengal,Furniture,Chairs,4064.55,8,0.0,1521.15
IND-11327,2021-03-27,2021-03-29,Same Day,Sneha Patel,Consumer,,Uttar Pradesh,Furniture,Bookcases,1562.14,6,0.0,273.85
IND-11328,2022-04-03,2022-04-07,First Class,Amit Joshi,Consumer,New Delhi,Delhi,Office Supplies,Labels,330.83,4,0.4,0.27
IND-11329,2023-05-10,2023-05-12,Second Class,Rahul Saxena,Corporate,New Delhi,Delhi,Furniture,Tables,2348.68,4,0.1,376.0
IND-11330,2021-11-19,2021-11-20,Second Class,Ritu Chatterjee,Home Office,Chennai,Tamil Nadu,Furniture,Furnishings,4875.74,1,0.1,908.19
IND-11331,2023-05-22,2023-05-23,Standard Class,,Consumer,Bengaluru,Karnataka,Office Supplies,Paper,3204.55,8,0.4,396.14
IND-11332,2022-08-23,2022-08-24,Second Class,Anjali Jain,Home Office,Jaipur,Rajasthan,Technology,Copiers,4925.72,8,0.0,1357.44
IND-11333,2021-03-04,2021-03-08,First Class,Amit Verma,Corporate,Bhopal,Madhya Pradesh,Technology,Phones,1130.92,3,0.1,389.74
IND-11334,2023-06-06,2023-06-08,Same Day,Amit Verma,Home Office,Pune,Maharashtra,Technology,Accessories,1125.42,3,0.2,68.58
IND-11335,2022-04-05,2022-04-09,First Class,Sneha Yadav,Corporate,New Delhi,Delhi,Technology,Machines,693.32,1,0.3,-20.29
IND-11336,2023-05-18,2023-05-19,Second Class,Rahul Iyer,Corporate,Ahmedabad,Gujarat,Technology,Phones,3205.53,9,0.1,692.54
IND-11337,2022-05-10,2022-05-12,Same Day,Deepak Yadav,Consumer,Chennai,Tamil Nadu,Furniture,Bookcases,572.05,2,0.3,40.13
IND-11338,2021-10-02,2021-10-04,First Class,Kavita Tiwari,Home Office,Bhopal,Madhya Pradesh,OFFICE SUPPLIES,Storage,2786.28,1,0.0,514.09
IND-11339,2023-03-11,2023-03-13,Same Day,Pooja Tiwari,Corporate,Indore,Madhya Pradesh,Office Supplies,Storage,2936.55,3,0.3,265.95
IND-11340,2023-01-07,2023-01-09,Second Class,Amit Patel,Home Office,Agra,Uttar Pradesh,Office Supplies,Paper,428.97,5,0.1,67.39
IND-11341,2021-03-21,2021-03-22,Standard Class,Kavita Singh,Corporate,New Delhi,Delhi,Office Supplies,Storage,507.4,2,0.2,92.08
IND-11342,2022-05-24,2022-05-26,Second Class,Arjun Kapoor,Corporate,Mysuru,Karnataka,Office Supplies,Storage,592.36,1,0.4,64.5
IND-11343,2021-12-31,2022-01-02,Same Day,Sunita Sharma,Consumer,Mumbai,  maharashtra  ,Technology,Phones,3060.44,9,0.2,256.94
IND-11344,2022-09-11,2022-09-13,Second Class,Pooja Kapoor,Corporate,Bengaluru,Karnataka,Furniture,Bookcases,551.84,6,0.2,121.31
IND-11345,2023-03-10,2023-03-14,Standard Class,Priya Bansal,Home Office,Agra,Uttar Pradesh,Furniture,Furnishings,3402.09,6,0.3,63.26
IND-11346,2022-02-04,2022-02-07,Same Day,Vikas Singh,Consumer,Vadodara,Gujarat,Furniture,Tables,1937.74,8,0.2,102.17
IND-11347,2023-02-23,2023-02-24,Standard Class,Arjun Joshi,Home Office,Surat,Gujarat,Office Supplies,Storage,3983.75,8,0.0,1236.08
IND-11348,2022-01-31,2022-02-03,First Class,Kiran Iyer,Home Office,Noida,Uttar Pradesh,Technology,Phones,538.53,5,0.0,184.69
IND-11349,2022-12-15,2022-12-18,First Class,Rohit Kapoor,Home Office,Surat,Gujarat,Office Supplies,Binders,4803.55,8,0.1,1094.96
IND-11350,2022-07-02,2022-07-03,Same Day,Priya Iyer,Home Office,Udaipur,Rajasthan,Office Supplies,Art,4981.83,5,0.4,774.2
IND-11351,2022-10-19,2022-10-22,Standard Class,Ankit Pandey,Consumer,Jaipur,Rajasthan,Office Supplies,Paper,4583.4,8,0.0,1832.29
IND-11352,2021-11-02,2021-11-05,First Class,Manish Chatterjee,Corporate,New Delhi,Delhi,Technology,Phones,3905.38,8,0.4,-239.49
IND-11353,2021-06-10,2021-06-12,First Class,Ankit Patel,Consumer,Ahmedabad,Gujarat,Furniture,Tables,4556.54,2,0.3,-207.06
IND-11354,2022-10-15,2022-10-18,First Class,Kavita Kapoor,Consumer,Jaipur,Rajasthan,Office Supplies,Labels,1284.96,5,0.2,355.72
IND-11355,2022-04-08,2022-04-11,First Class,Priya Tiwari,Home Office,New Delhi,Delhi,Office Supplies,Storage,4896.86,9,0.3,1115.04
IND-11356,2022-06-08,2022-06-12,Standard Class,Deepak Patel,Corporate,Kanpur,Uttar Pradesh,Office Supplies,Labels,4725.35,2,0.4,644.6
IND-11357,2022-12-05,2022-12-07,Second Class,Sunita Kumar,Home Office,Udaipur,Rajasthan,Office Supplies,Binders,4838.07,7,0.2,801.42
IND-11358,2021-06-07,2021-06-09,Same Day,Nitin Agarwal,Corporate,Ahmedabad,Gujarat,Office Supplies,Art,4318.42,2,0.4,131.36
IND-11359,2022-11-07,2022-11-08,First Class,Kiran Patel,Corporate,New Delhi,  delhi  ,Technology,Phones,764.97,9,0.3,18.51
IND-11360,2022-04-12,2022-04-13,Second Class,Arjun Jain,Corporate,Mysuru,Karnataka,Furniture,Furnishings,3987.36,6,0.3,696.08
IND-11361,2021-01-17,2021-01-19,Standard Class,Vikas Pandey,Corporate,Bhopal,Madhya Pradesh,Technology,Phones,2759.79,8,0.4,58.64
IND-11362,2022-03-06,2022-03-10,Second Class,Sneha Jain,Home Office,Jaipur,Rajasthan,Furniture,Furnishings,2387.67,8,0.1,544.94
IND-11363,2021-05-30,2021-06-01,Same Day,Nitin Singh,Consumer,Nashik,Maharashtra,Technology,Accessories,4633.21,3,0.1,922.09
IND-11364,2023-06-03,2023-06-04,Standard Class,Suresh Iyer,Corporate,New Delhi,Delhi,Furniture,Tables,4727.45,9,0.4,491.55
IND-11365,2021-12-12,2021-12-15,First Class,Kavita Sharma,Corporate,Lucknow,Uttar Pradesh,Technology,Copiers,579.45,8,0.3,41.15
IND-11366,2021-06-12,2021-06-15,First Class,Pooja Mishra,Corporate,Nagpur,Maharashtra,Office Supplies,Labels,4465.22,1,0.0,1195.94
IND-11367,2022-07-19,2022-07-22,Same Day,Deepak Agarwal,Home Office,Chennai,  tamil nadu  ,Technology,Machines,"2,290.43",2,0.2,605.22
IND-11368,2022-12-16,2022-12-20,Same Day,Neha Pandey,Home Office,Mysuru,Karnataka,Furniture,Chairs,2946.54,2,0.1,701.9
IND-11369,2021-04-02,2021-04-06,Same Day,Rohit Sharma,Corporate,Surat,Gujarat,Technology,Accessories,3136.91,8,0.0,623.84
IND-11370,2021-05-02,2021-05-05,Second Class,Rahul Agarwal,Corporate,Indore,  madhya pradesh  ,Office Supplies,Binders,2888.99,3,0.3,185.33
IND-11371,2022-11-25,2022-11-29,Standard Class,Kavita Saxena,Consumer,New Delhi,Delhi,Technology,Copiers,1525.78,5,0.3,-34.07
IND-11372,2023-02-25,2023-02-27,Second Class,Ritu Saxena,Corporate,Mangalore,Karnataka,Technology,Machines,729.99,3,0.1,239.47
IND-11373,2021-01-23,2021-01-26,First Class,Kiran Kumar,Corporate,Udaipur,Rajasthan,Technology,Machines,808.54,3,0.3,-12.64
IND-11374,2022-05-02,2022-05-06,Same Day,Sneha Pandey,Home Office,Kolkata,West Bengal,TECHNOLOGY,Phones,3851.61,2,0.2,789.7
IND-11375,2021-10-31,2021-11-02,Second Class,Sneha Mishra,Home Office,Noida,Uttar Pradesh,Technology,Phones,1043.84,8,0.2,280.19
IND-11376,2022-05-24,2022-05-26,Standard Class,Manish Bansal,Consumer,,Uttar Pradesh,Office Supplies,Labels,3669.46,6,0.1,300.12
IND-11377,02/04/2021,2021-04-06,First Class,Deepak Jain,Corporate,Madurai,Tamil Nadu,Office Supplies,Storage,3668.12,8,0.2,761.77
IND-11378,2021-01-04,2021-01-06,Second Class,Rahul Mishra,Home Office,Jaipur,Rajasthan,Technology,Accessories,475.55,3,N/A,51.18
IND-11379,2021-07-25,2021-07-26,First Class,Deepak Chatterjee,Home Office,Surat,Gujarat,TECHNOLOGY,Accessories,2369.93,7,0.0,706.82
IND-11380,2022-08-09,2022-08-13,First Class,Amit Kapoor,Consumer,Nagpur,Maharashtra,Furniture,Chairs,1727.48,5,0.3,336.9
IND-11381,2022-06-11,2022-06-13,Same Day,Priya Jain,Home Office,Madurai,Tamil Nadu,Office Supplies,Storage,3535.99,9,0.1,956.82
IND-11382,2022-08-13,2022-08-14,First Class,Kavita Singh,Corporate,Coimbatore,Tamil Nadu,Office Supplies,Art,4321.39,3,0.3,802.4
IND-11383,2023-03-21,2023-03-25,Standard Class,Vivek Kapoor,Home Office,Madurai,Tamil Nadu,Furniture,Tables,1441.03,9,0.4,149.47
IND-11384,2022-04-02,2022-04-05,Same Day,Pooja Mehta,Consumer,Indore,Madhya Pradesh,Furniture,Furnishings,2297.91,6,0.2,202.37
IND-11385,2023-05-23,2023-05-24,Standard Class,Sneha Chatterjee,Corporate,Indore,Madhya Pradesh,Technology,Accessories,4632.47,2,0.4,-222.44
IND-11386,2022-05-02,2022-05-05,First Class,Neha Iyer,Home Office,Bengaluru,  karnataka  ,Technology,Phones,2372.69,6,0.4,180.28
IND-11387,2022-04-14,2022-04-17,Second Class,Rahul Chatterjee,Consumer,Vadodara,Gujarat,Furniture,Furnishings,1982.84,8,0.0,384.64
IND-11388,2021-06-08,2021-06-10,Standard Class,Arjun Pandey,Home Office,Indore,  madhya pradesh  ,Technology,Machines,835.83,5,0.3,-5.32
IND-11389,2022-09-08,2022-09-11,Second Class,Amit Iyer,Consumer,Howrah,West Bengal,FURNITURE,Furnishings,3417.57,5,0.0,392.52
IND-11390,2021-10-04,2021-10-06,First Class,Manish Mehta,Consumer,Kolkata,West Bengal,Office Supplies,Paper,4421.25,9,0.0,613.29
IND-11391,2021-08-21,2021-08-25,First Class,Arjun Patel,Corporate,Lucknow,Uttar Pradesh,Office Supplies,Art,232.12,1,0.2,65.1
IND-11392,2021-12-03,2021-12-04,First Class,Sneha Bansal,Consumer,New Delhi,Delhi,Office Supplies,Binders,3763.38,3,0.2,756.48
IND-11393,2023-01-07,2023-01-10,Same Day,Vikas Singh,Consumer,New Delhi,Delhi,Office Supplies,Labels,3543.24,7,0.3,763.66
IND-11394,2021-12-12,2021-12-16,First Class,Ankit Yadav,Consumer,Vadodara,  gujarat  ,Office Supplies,Binders,1493.88,6,0.4,52.61
IND-11395,2021-07-15,2021-07-17,Standard Class,Sneha Verma,Home Office,Howrah,West Bengal,Technology,Phones,3898.74,3,0.1,779.62
IND-11396,2022-04-15,2022-04-16,Same Day,Anjali Mishra,Home Office,Udaipur,Rajasthan,Technology,Machines,2368.89,5,0.4,-125.53
IND-11397,2021-05-14,2021-05-16,Same Day,Priya Kumar,Consumer,Indore,  madhya pradesh  ,OFFICE SUPPLIES,Art,3207.51,7,0.4,204.83
IND-11398,2021-07-03,2021-07-06,Second Class,Anjali Yadav,Home Office,Vadodara,Gujarat,Furniture,Furnishings,3745.48,8,0.4,-262.87
IND-11399,2021-08-14,2021-08-18,Second Class,Pooja Joshi,Corporate,Chennai,Tamil Nadu,Technology,Machines,857.68,9,0.1,267.01
IND-11400,2021-05-17,2021-05-21,First Class,Priya Jain,Home Office,Madurai,Tamil Nadu,Office Supplies,Art,4432.23,4,0.3,622.33
IND-11401,2021-08-10,2021-08-14,Standard Class,Priya Kapoor,Consumer,Madurai,Tamil Nadu,Office Supplies,Storage,4698.29,2,0.3,142.85
IND-11402,2023-02-21,2023-02-25,Second Class,Arjun Mishra,Home Office,New Delhi,Delhi,Technology,Phones,1048.65,7,0.2,234.5
IND-11403,2021-08-28,2021-09-01,First Class,Nitin Verma,Home Office,Udaipur,Rajasthan,Office Supplies,Art,4918.95,5,0.1,1091.43
IND-11404,2022-05-10,2022-05-11,Standard Class,Vikas Iyer,Consumer,Coimbatore,Tamil Nadu,Office Supplies,Binders,425.43,4,0.0,108.56
IND-11405,2021-11-01,2021-11-05,First Class,Manish Bansal,Home Office,Udaipur,Rajasthan,Office Supplies,Binders,1884.46,1,0.0,485.78
IND-11406,2021-02-09,2021-02-10,First Class,Sunita Kapoor,Consumer,Nashik,Maharashtra,Technology,Phones,2732.34,5,0.0,932.15
IND-11407,2021-08-24,2021-08-25,Same Day,Rohit Gupta,Consumer,Bhopal,Madhya Pradesh,Furniture,Tables,4290.38,6,0.0,1033.36
IND-11408,2021-11-01,2021-11-05,Standard Class,Suresh Chauhan,Consumer,Bhopal,Madhya Pradesh,TECHNOLOGY,Accessories,2772.84,6,0.2,290.81
IND-11409,2021-04-13,2021-04-14,Second Class,Rohit Bansal,Corporate,Kolkata,  west bengal  ,Furniture,Chairs,1132.57,2,0.1,137.45
IND-11410,2022-06-26,2022-06-30,Standard Class,Arjun Mehta,Corporate,Udaipur,Rajasthan,Office Supplies,Labels,2835.52,9,0.3,305.74
IND-11411,2021-08-14,2021-08-15,Same Day,Rohit Jain,Consumer,Mumbai,Maharashtra,Furniture,Tables,3367.61,5,0.3,262.87
IND-11412,2022-06-09,2022-06-11,Standard Class,Ankit Saxena,Consumer,Nagpur,  maharashtra  ,Technology,Phones,4319.35,8,0.1,1092.91
IND-11413,2022-07-24,2022-07-27,Standard Class,Arjun Saxena,Consumer,Bhopal,Madhya Pradesh,Office Supplies,Storage,252.34,1,0.1,36.3
IND-11414,2022-11-12,2022-11-16,Standard Class,Neha Kumar,Home Office,Kolkata,West Bengal,Office Supplies,Binders,888.54,7,0.3,4.59
IND-11415,2022-09-25,2022-09-27,First Class,Pooja Gupta,Corporate,Bengaluru,Karnataka,Office Supplies,Paper,"1,033.18",5,0.4,66.91
IND-11416,2021-03-07,2021-03-09,First Class,Anjali Singh,Corporate,Bhopal,Madhya Pradesh,Technology,Copiers,2024.34,4,0.0,717.19
IND-11417,2022-08-21,2022-08-25,First Class,Suresh Singh,Home Office,Indore,Madhya Pradesh,Technology,Phones,4398.86,6,0.4,212.53
IND-11418,2021-08-08,2021-08-09,Standard Class,Kavita Bansal,Corporate,Noida,Uttar Pradesh,Office Supplies,Storage,2617.29,8,0.1,296.86
IND-11419,2021-02-11,2021-02-13,Same Day,Amit Mishra,Consumer,Nashik,Maharashtra,Technology,Phones,1635.56,3,0.3,128.64
IND-11420,2021-08-09,2021-08-12,First Class,Vivek Yadav,Corporate,Chennai,Tamil Nadu,Office Supplies,Binders,510.49,5,0.4,-17.28
IND-11421,2022-09-02,2022-09-04,Standard Class,Rohit Pandey,Home Office,Howrah,West Bengal,Furniture,Furnishings,2869.68,9,0.3,345.51
IND-11422,2022-01-21,2022-01-24,Standard Class,Amit Agarwal,Home Office,Indore,Madhya Pradesh,Technology,Copiers,2306.1,4,0.1,611.84
IND-11423,2021-09-26,2021-09-29,Second Class,Arjun Yadav,Corporate,Kanpur,  uttar pradesh  ,Technology,Copiers,2663.66,9,0.1,537.19
IND-11424,2021-05-15,2021-05-18,First Class,Ritu Saxena,Home Office,Mangalore,Karnataka,Furniture,Bookcases,2557.22,3,0.0,766.32
IND-11425,2021-12-22,2021-12-25,Same Day,Kiran Agarwal,Consumer,Indore,Madhya Pradesh,Furniture,Bookcases,3740.88,8,N/A,1072.76
IND-11426,2021-05-04,2021-05-05,Same Day,Vikas Singh,Home Office,Bhopal,Madhya Pradesh,Furniture,Chairs,4047.72,5,0.3,429.47
IND-11427,2022-01-30,not available,Same Day,Suresh Jain,Home Office,Ahmedabad,Gujarat,Office Supplies,Binders,4060.3,3,0.0,432.3
IND-11428,2022-07-21,2022-07-22,Standard Class,Vikas Tiwari,Consumer,Bhopal,Madhya Pradesh,Technology,Phones,3488.8,8,0.1,615.07
IND-11429,2023-01-20,2023-01-22,First Class,Deepak Bansal,Corporate,Jaipur,Rajasthan,Furniture,Tables,3457.88,2,0.4,440.56
IND-11430,2021-06-03,2021-06-05,First Class,Suresh Patel,Home Office,Nagpur,Maharashtra,Office Supplies,Paper,556.02,6,0.4,42.04
IND-11431,2023-06-13,2023-06-15,Standard Class,Kavita Verma,Consumer,Jaipur,Rajasthan,Technology,Machines,4003.61,7,0.3,-195.84
IND-11432,2022-04-13,2022-04-17,Second Class,Arjun Bansal,Corporate,Kolkata,West Bengal,Furniture,Tables,281.79,9,0.4,43.33
IND-11433,2022-12-28,2023-01-01,Second Class,Kavita Mishra,Consumer,Mangalore,Karnataka,Office Supplies,Storage,719.9,1,0.4,18.35
IND-11434,2021-07-29,2021-07-31,Same Day,Anjali Mishra,Corporate,Udaipur,Rajasthan,Furniture,Chairs,4923.9,1,0.0,789.9
IND-11435,2021-02-18,2021-02-20,Same Day,Kavita Kumar,Corporate,Jaipur,Rajasthan,Office Supplies,Binders,2712.06,5,0.1,515.67
IND-11436,10/11/2022,2022-11-13,First Class,Arjun Kapoor,Home Office,Bengaluru,Karnataka,Office Supplies,Art,2944.31,4,0.2,184.44
IND-11437,2021-07-02,2021-07-05,Second Class,Deepak Singh,Corporate,Coimbatore,Tamil Nadu,Technology,Phones,2215.79,9,0.1,186.94
IND-11438,2021-08-10,2021-08-11,Second Class,Vivek Kapoor,Home Office,Lucknow,Uttar Pradesh,Office Supplies,Storage,1068.04,3,0.1,210.79
IND-11439,2022-01-15,2022-01-19,Standard Class,Sneha Pandey,Home Office,New Delhi,Delhi,Furniture,Bookcases,"1,946.41",9,0.3,293.22
IND-11440,2022-09-01,2022-09-04,Second Class,Sunita Mehta,Consumer,Surat,Gujarat,Technology,Phones,2938.68,1,0.1,880.61
IND-11441,2022-08-06,2022-08-09,First Class,Kiran Jain,Consumer,Mysuru,Karnataka,TECHNOLOGY,Phones,2359.44,4,0.2,460.65
IND-11442,2023-06-09,2023-06-11,First Class,Ritu Chatterjee,Home Office,Bhopal,  madhya pradesh  ,Technology,Machines,1886.23,9,0.0,318.85
IND-11443,2021-05-05,2021-05-08,Standard Class,Pooja Singh,Corporate,Udaipur,Rajasthan,Furniture,Tables,369.92,3,0.2,20.55
IND-11444,2021-07-28,2021-07-31,First Class,Neha Jain,Corporate,Vadodara,Gujarat,Technology,Phones,3638.69,9,0.1,229.92
IND-11445,2021-07-04,2021-07-05,Second Class,Ritu Kapoor,Consumer,New Delhi,Delhi,Furniture,Tables,3364.54,3,0.0,994.53
IND-11446,2021-11-30,2021-12-03,Standard Class,Kiran Iyer,Corporate,Bengaluru,Karnataka,Office Supplies,Binders,1805.87,2,0.2,277.34
IND-11447,2023-02-22,2023-02-24,Standard Class,Rohit Bansal,Corporate,Kolkata,West Bengal,Office Supplies,Art,758.78,2,0.0,94.04
IND-11448,2022-05-29,2022-05-30,Same Day,Sneha Saxena,Consumer,Bengaluru,Karnataka,Technology,Accessories,879.12,1,0.1,224.45
IND-11449,2021-01-31,2021-02-04,Same Day,Neha Chauhan,Home Office,Coimbatore,Tamil Nadu,Office Supplies,Storage,1389.13,4,0.4,143.79
IND-11450,2021-07-29,2021-07-30,Standard Class,Kiran Sharma,Corporate,Indore,Madhya Pradesh,Furniture,Bookcases,2067.84,9,N/A,262.1
IND-11451,2023-05-16,2023-05-19,Same Day,Vikas Chatterjee,Consumer,Howrah,West Bengal,Technology,Machines,2083.82,2,0.0,679.46
IND-11452,2021-03-01,2021-03-03,Second Class,Suresh Mishra,Consumer,Noida,Uttar Pradesh,Office Supplies,Paper,3085.49,5,0.4,381.98
IND-11453,2022-09-20,2022-09-23,Second Class,Nitin Verma,Consumer,Chennai,Tamil Nadu,Furniture,Furnishings,1821.43,7,0.0,486.02
IND-11454,2022-03-25,2022-03-29,Same Day,Priya Patel,Corporate,Noida,Uttar Pradesh,Furniture,Bookcases,3921.28,7,0.4,-209.54
IND-11455,2021-03-25,2021-03-29,Same Day,Arjun Joshi,Corporate,Mysuru,Karnataka,Technology,Copiers,2568.84,6,0.3,-72.86
IND-11456,2022-09-11,2022-09-13,First Class,Kiran Verma,Consumer,New Delhi,Delhi,Furniture,Tables,3760.56,2,0.3,140.98
IND-11457,2022-10-31,2022-11-01,First Class,Vikas Patel,Home Office,Howrah,  west bengal  ,Technology,Phones,2183.46,4,0.4,18.54
IND-11458,2021-09-19,2021-09-22,Standard Class,Vivek Bansal,Consumer,Bengaluru,Karnataka,Office Supplies,Paper,2548.14,6,0.2,224.51
IND-11459,2021-05-29,2021-05-30,Standard Class,Kavita Kumar,Consumer,Kolkata,  west bengal  ,Technology,Copiers,888.02,1,0.2,98.2
IND-11460,2023-05-02,2023-05-06,Second Class,Anjali Patel,Corporate,Surat,Gujarat,Office Supplies,Art,4802.94,4,0.1,1464.5
IND-11461,2021-02-10,2021-02-11,Same Day,Vikas Chauhan,Corporate,Vadodara,Gujarat,TECHNOLOGY,Machines,2453.42,5,0.1,448.3
IND-11462,2023-04-07,2023-04-10,Same Day,Neha Kapoor,Home Office,Nagpur,Maharashtra,Office Supplies,Paper,2385.3,5,0.0,877.82
IND-11463,2022-07-12,2022-07-14,Standard Class,Kavita Patel,Corporate,Howrah,West Bengal,OFFICE SUPPLIES,Storage,3030.9,6,0.4,-279.42
IND-11464,2021-12-02,2021-12-04,Standard Class,Pooja Sharma,Home Office,Udaipur,Rajasthan,Office Supplies,Storage,3478.33,2,0.2,655.62
IND-11465,2023-02-23,2023-02-26,Standard Class,Anjali Mishra,Home Office,Howrah,West Bengal,Office Supplies,Labels,1419.23,5,0.1,170.33
IND-11466,2021-02-23,2021-02-26,Second Class,Ankit Yadav,Home Office,Indore,Madhya Pradesh,Furniture,Chairs,2849.32,6,0.2,633.99
IND-11467,2021-03-23,2021-03-24,First Class,Sunita Patel,Corporate,New Delhi,Delhi,Technology,Machines,1059.94,3,0.2,183.77
IND-11468,2023-02-17,2023-02-20,Second Class,Amit Agarwal,Consumer,Mumbai,Maharashtra,Office Supplies,Binders,1799.05,7,0.0,232.08
IND-11469,2023-03-05,2023-03-06,Standard Class,Vikas Chatterjee,Consumer,Vadodara,Gujarat,Office Supplies,Art,889.64,3,0.0,348.11
IND-11470,2021-10-17,2021-10-21,Same Day,Vikas Saxena,Corporate,New Delhi,Delhi,Furniture,Furnishings,652.9,6,0.3,100.33
IND-11471,2023-06-18,2023-06-19,First Class,Ritu Mishra,Home Office,Pune,Maharashtra,Office Supplies,Paper,597.28,6,0.0,102.42
IND-11472,2022-09-26,2022-09-30,Standard Class,Manish Pandey,Home Office,Mumbai,Maharashtra,Technology,Accessories,1011.8,1,0.2,216.52
IND-11473,2022-07-05,2022-07-08,First Class,Vivek Pandey,Corporate,Surat,Gujarat,Furniture,Bookcases,1320.4,7,0.2,56.47
IND-11474,2021-09-14,2021-09-18,First Class,Rohit Jain,Home Office,Surat,Gujarat,Furniture,Furnishings,2176.14,5,0.0,658.99
IND-11475,2022-04-22,2022-04-23,Second Class,Ritu Bansal,Corporate,Vadodara,Gujarat,Technology,Copiers,4654.18,6,0.1,1125.31
IND-11476,2023-04-13,2023-04-16,Same Day,Kavita Kumar,Home Office,New Delhi,Delhi,Technology,Accessories,3507.04,5,0.0,734.03
IND-11477,2021-05-17,2021-05-21,Second Class,Ankit Gupta,Home Office,Pune,Maharashtra,Furniture,Furnishings,2768.62,1,0.0,291.9
IND-11478,2021-05-06,2021-05-09,First Class,Sneha Kapoor,Home Office,Noida,Uttar Pradesh,Office Supplies,Paper,1820.93,9,0.3,340.39
IND-11479,2022-01-26,2022-01-28,Standard Class,Ritu Pandey,Home Office,Mumbai,Maharashtra,Office Supplies,Art,4655.4,3,0.2,1011.52
IND-11480,2023-01-03,2023-01-05,Second Class,Sneha Iyer,Home Office,Indore,  madhya pradesh  ,Furniture,Bookcases,1419.5,6,0.4,198.48
IND-11481,2022-01-04,2022-01-05,Same Day,Priya Mehta,Corporate,Udaipur,Rajasthan,Furniture,Chairs,4402.1,3,0.1,764.0
IND-11482,2022-08-28,2022-08-29,Same Day,Amit Yadav,Consumer,Surat,Gujarat,Technology,Machines,503.2,4,0.0,87.84
IND-11483,2023-01-07,2023-01-11,Same Day,Anjali Sharma,Consumer,Agra,Uttar Pradesh,Office Supplies,Storage,2592.21,3,0.3,361.14
IND-11484,2021-07-29,2021-08-02,First Class,Deepak Verma,Home Office,Agra,Uttar Pradesh,Furniture,Furnishings,2000.55,3,0.2,436.88
IND-11485,2021-08-14,2021-08-15,Second Class,Ritu Gupta,Corporate,Bhopal,Madhya Pradesh,Technology,Copiers,4305.59,9,N/A,387.43
IND-11486,2022-10-10,2022-10-12,Second Class,Amit Mehta,Corporate,Nashik,Maharashtra,Office Supplies,Paper,2229.26,1,0.1,557.96
IND-11487,2021-05-13,2021-05-16,Same Day,Nitin Kapoor,Corporate,Jaipur,  rajasthan  ,FURNITURE,Chairs,1171.92,1,0.2,350.63
IND-11488,2022-08-05,2022-08-07,First Class,Kavita Saxena,Corporate,Mumbai,Maharashtra,Technology,Phones,4316.38,7,0.2,853.08
IND-11489,2021-11-13,2021-11-16,Standard Class,Amit Patel,Corporate,Mangalore,Karnataka,Furniture,Furnishings,462.56,3,0.2,108.36
IND-11490,2022-07-14,2022-07-18,Same Day,Kavita Singh,Consumer,Howrah,West Bengal,Furniture,Furnishings,3777.71,4,0.2,632.31
IND-11491,2023-01-12,2023-01-16,First Class,Vikas Kapoor,Consumer,Bengaluru,Karnataka,Technology,Phones,4683.59,7,0.4,-135.71
IND-11492,2021-11-15,2021-11-19,Second Class,Vikas Joshi,Corporate,Ahmedabad,Gujarat,Technology,Machines,2363.39,3,0.0,679.96
IND-11493,2022-06-27,2022-06-29,Second Class,Sneha Chauhan,Home Office,Jaipur,Rajasthan,Office Supplies,Binders,1964.26,2,0.1,187.82
IND-11494,2021-11-02,2021-11-05,Same Day,Pooja Kumar,Corporate,Chennai,Tamil Nadu,Office Supplies,Binders,3026.17,9,0.1,439.24
IND-11495,2022-04-23,2022-04-25,Second Class,Pooja Verma,Consumer,Pune,Maharashtra,Technology,Phones,1477.31,8,N/A,209.29
IND-11496,2023-06-04,2023-06-06,Same Day,Rahul Mishra,Home Office,Pune,Maharashtra,TECHNOLOGY,Copiers,4694.15,7,N/A,472.26
IND-11497,2022-05-27,2022-05-30,Standard Class,Sunita Kapoor,Consumer,Bhopal,Madhya Pradesh,OFFICE SUPPLIES,Labels,2638.31,3,0.3,483.27
IND-11498,2023-05-16,2023-05-19,Second Class,Anjali Bansal,Corporate,Udaipur,Rajasthan,OFFICE SUPPLIES,Binders,543.48,9,0.2,95.08
IND-11499,2022-01-18,2022-01-22,Second Class,Deepak Mishra,Corporate,Bhopal,Madhya Pradesh,Technology,Machines,1529.04,8,0.3,307.4
IND-11500,2022-04-18,2022-04-22,First Class,Ritu Joshi,Corporate,New Delhi,Delhi,Furniture,Tables,2465.41,6,0.0,680.13
IND-11501,2021-03-03,2021-03-07,Second Class,Kavita Tiwari,Corporate,New Delhi,Delhi,Office Supplies,Storage,1682.86,6,0.4,228.54
IND-11502,2022-05-28,2022-05-30,Second Class,Neha Bansal,Corporate,Mysuru,Karnataka,Furniture,Furnishings,2080.21,9,0.4,-121.66
IND-11503,06/07/2022,2022-07-07,First Class,Kavita Patel,Home Office,Chennai,Tamil Nadu,Office Supplies,Storage,1596.01,2,N/A,317.31
IND-11504,2021-12-03,2021-12-07,First Class,Pooja Singh,Home Office,,  rajasthan  ,Technology,Machines,1000.8,5,0.1,225.79
IND-11505,2022-07-23,2022-07-26,Same Day,Vikas Agarwal,Home Office,Howrah,West Bengal,Furniture,Bookcases,3248.24,7,0.2,264.26
IND-11506,2021-11-29,2021-12-01,Second Class,Sneha Pandey,Corporate,Bhopal,Madhya Pradesh,Technology,Copiers,4313.86,8,0.0,796.56
IND-11507,2021-03-09,2021-03-11,Second Class,Ankit Chauhan,Corporate,Indore,Madhya Pradesh,TECHNOLOGY,Machines,4947.67,2,0.4,799.57
IND-11508,2021-03-26,2021-03-28,Same Day,Sunita Kapoor,Corporate,Udaipur,Rajasthan,Technology,Phones,4190.02,6,0.3,251.25
IND-11509,2021-05-13,2021-05-16,Second Class,Kiran Bansal,Consumer,Madurai,Tamil Nadu,Furniture,Chairs,349.94,4,0.4,-3.83
IND-11510,2022-06-03,2022-06-06,Same Day,Ritu Chauhan,Home Office,Udaipur,Rajasthan,Office Supplies,Paper,3780.16,9,0.1,1142.01
IND-11511,2022-11-09,2022-11-10,Standard Class,Sneha Kapoor,Corporate,Howrah,West Bengal,Furniture,Furnishings,3184.1,9,0.2,717.64
IND-11512,2023-01-27,2023-01-31,Same Day,Sunita Chatterjee,Home Office,Indore,Madhya Pradesh,Technology,Accessories,3713.85,8,0.2,1028.47
IND-11513,2022-10-09,2022-10-10,Second Class,Neha Agarwal,Corporate,Bhopal,Madhya Pradesh,Technology,Accessories,877.04,9,0.0,205.25
IND-11514,2022-01-27,2022-01-28,Second Class,Anjali Agarwal,Home Office,Bhopal,Madhya Pradesh,Furniture,Tables,1736.04,7,0.2,483.7
IND-11515,2021-01-07,2021-01-11,Same Day,Suresh Patel,Consumer,Mangalore,Karnataka,Technology,Accessories,3800.84,4,0.1,633.52
IND-11516,2023-03-27,2023-03-30,First Class,Kiran Patel,Consumer,Surat,Gujarat,Furniture,Bookcases,1964.94,8,0.4,326.14
IND-11517,2023-05-20,2023-05-21,Second Class,Pooja Singh,Consumer,Kolkata,West Bengal,Technology,Copiers,1545.49,3,0.0,538.49
IND-11518,2021-02-22,2021-02-23,Second Class,Pooja Kumar,Home Office,,Madhya Pradesh,Technology,Machines,2600.75,1,0.2,216.98
IND-11519,2022-02-22,2022-02-24,First Class,Ritu Yadav,Consumer,Kolkata,West Bengal,Technology,Accessories,4456.87,7,0.3,384.77
IND-11520,2022-11-18,2022-11-21,Second Class,Rohit Saxena,Corporate,Indore,Madhya Pradesh,Office Supplies,Paper,476.22,9,0.4,20.57
IND-11521,2023-04-24,2023-04-28,Standard Class,Ritu Iyer,Consumer,Mysuru,Karnataka,Furniture,Chairs,933.26,7,0.3,177.77
IND-11522,2021-10-08,2021-10-09,Same Day,Deepak Kumar,Consumer,Howrah,West Bengal,Office Supplies,Storage,4166.48,1,0.4,762.9
IND-11523,2022-05-26,2022-05-27,First Class,Ritu Tiwari,Corporate,Lucknow,Uttar Pradesh,Office Supplies,Art,3918.42,7,0.3,466.71
IND-11524,2021-02-18,2021-02-20,Same Day,Neha Pandey,Consumer,Bhopal,Madhya Pradesh,Furniture,Chairs,1208.2,7,0.2,25.53
IND-11525,2021-05-03,2021-05-05,Same Day,Vivek Kapoor,Corporate,Chennai,Tamil Nadu,Furniture,Tables,1530.9,1,0.3,33.64
IND-11526,2022-05-25,2022-05-27,Same Day,,Consumer,Madurai,Tamil Nadu,Furniture,Tables,4223.03,9,0.4,561.3
IND-11527,18/10/2022,2022-10-21,Same Day,Sunita Verma,Consumer,Bengaluru,Karnataka,Technology,Accessories,4099.77,7,0.2,376.88
IND-11528,2022-09-14,2022-09-16,First Class,Amit Chatterjee,Consumer,Mysuru,Karnataka,Technology,Machines,3150.16,1,0.1,1088.99
IND-11529,2021-08-24,2021-08-28,Standard Class,Ritu Pandey,Home Office,Surat,Gujarat,Office Supplies,Paper,4105.03,8,0.1,275.35
IND-11530,2022-08-15,2022-08-18,Second Class,Pooja Patel,Home Office,Bengaluru,Karnataka,Furniture,Bookcases,2728.83,1,0.1,677.75
IND-11531,2021-09-03,2021-09-05,Same Day,Ritu Pandey,Corporate,Jaipur,Rajasthan,Furniture,Tables,2417.8,5,0.3,395.86
IND-11532,2021-11-18,2021-11-20,First Class,Neha Verma,Home Office,Pune,Maharashtra,Office Supplies,Paper,640.05,6,0.3,-4.88
IND-11533,2022-04-27,2022-04-30,First Class,Pooja Kapoor,Consumer,Mysuru,Karnataka,Furniture,Bookcases,1106.57,2,0.3,194.23
IND-11534,2022-05-21,2022-05-23,First Class,Neha Patel,Consumer,Bhopal,Madhya Pradesh,Furniture,Furnishings,2912.56,5,0.2,627.96
IND-11535,2021-06-07,2021-06-09,Same Day,Kiran Agarwal,Home Office,Udaipur,Rajasthan,Office Supplies,Paper,1173.6,9,0.0,304.23
IND-11536,2021-10-11,2021-10-15,First Class,Sunita Joshi,Home Office,Mumbai,Maharashtra,TECHNOLOGY,Machines,4566.41,6,0.4,111.31
IND-11537,2021-10-30,2021-11-02,Second Class,Sunita Chatterjee,Consumer,Kolkata,West Bengal,Office Supplies,Labels,3661.84,7,0.2,609.46
IND-11538,2022-11-24,2022-11-27,Standard Class,Priya Pandey,Consumer,New Delhi,Delhi,Technology,Phones,670.59,6,0.0,255.6
IND-11539,2022-04-08,2022-04-10,First Class,,Consumer,Indore,Madhya Pradesh,Technology,Copiers,4377.46,1,0.2,41.46
IND-11540,2021-05-12,2021-05-16,First Class,Ritu Patel,Home Office,,Maharashtra,Office Supplies,Labels,2837.98,5,0.1,743.26
IND-11541,2021-06-05,2021-06-09,First Class,Sneha Sharma,Home Office,Jaipur,Rajasthan,Technology,Machines,1099.26,4,0.4,-108.35
IND-11542,2022-10-19,2022-10-23,Same Day,Nitin Kumar,Home Office,Howrah,West Bengal,Furniture,Chairs,1869.65,7,0.0,437.93
IND-11543,2021-09-04,2021-09-05,First Class,Arjun Bansal,Consumer,Mangalore,Karnataka,Office Supplies,Paper,883.53,4,0.3,149.82
IND-11544,2021-07-07,2021-07-10,Second Class,Nitin Mishra,Home Office,Kolkata,West Bengal,Office Supplies,Paper,2966.9,9,0.2,597.1
IND-11545,2023-05-23,2023-05-27,First Class,Vivek Tiwari,Home Office,Bengaluru,Karnataka,Technology,Phones,3135.36,4,0.0,649.56
IND-11546,2021-03-22,2021-03-25,First Class,Anjali Saxena,Corporate,Howrah,West Bengal,Office Supplies,Art,1356.82,1,0.3,232.36
IND-11547,2021-11-24,2021-11-25,Same Day,Amit Tiwari,Home Office,Udaipur,Rajasthan,Furniture,Tables,3104.01,9,0.0,1049.77
IND-11548,2021-08-29,not available,Standard Class,Amit Yadav,Consumer,Mumbai,Maharashtra,Technology,Copiers,2561.08,3,0.2,673.81
IND-11549,2021-03-19,2021-03-21,Second Class,Ritu Saxena,Consumer,Surat,Gujarat,Technology,Phones,3978.54,6,0.3,161.4
IND-11550,2023-04-24,2023-04-28,Standard Class,Nitin Jain,Home Office,New Delhi,  delhi  ,Furniture,Chairs,2131.29,3,0.3,393.5
IND-11551,2021-09-08,2021-09-10,Standard Class,Neha Singh,Home Office,Indore,Madhya Pradesh,Office Supplies,Paper,2441.18,9,0.4,256.19
IND-11552,2022-06-15,2022-06-19,First Class,Ritu Chauhan,Corporate,Coimbatore,Tamil Nadu,Office Supplies,Labels,2244.58,8,0.4,-21.63
IND-11553,2021-09-23,not available,First Class,Neha Patel,Consumer,New Delhi,Delhi,Office Supplies,Art,1233.19,9,0.0,187.58
IND-11554,2023-03-24,2023-03-28,Standard Class,Nitin Jain,Corporate,Howrah,West Bengal,Office Supplies,Binders,2070.83,4,0.4,257.01
IND-11555,2021-05-07,2021-05-09,First Class,Anjali Agarwal,Corporate,Noida,Uttar Pradesh,Technology,Machines,592.7,5,0.2,59.75
IND-11556,2021-09-23,2021-09-24,First Class,Manish Chatterjee,Corporate,Nagpur,Maharashtra,Furniture,Chairs,2270.75,9,0.1,437.69
IND-11557,2022-10-05,2022-10-07,Standard Class,Amit Iyer,Home Office,Ahmedabad,Gujarat,Office Supplies,Labels,4305.24,3,0.0,1552.0
IND-11558,16/05/2023,2023-05-19,Standard Class,Manish Saxena,Corporate,Kanpur,Uttar Pradesh,Technology,Machines,1683.21,3,0.4,-138.53
IND-11559,2022-08-04,2022-08-07,Same Day,Rohit Verma,Corporate,Agra,Uttar Pradesh,Furniture,Furnishings,626.66,8,0.4,-15.26
IND-11560,2021-09-16,2021-09-17,Same Day,Suresh Patel,Home Office,Ahmedabad,Gujarat,Technology,Accessories,809.87,5,0.0,94.52
IND-11561,2022-04-24,2022-04-25,Second Class,Kavita Chauhan,Consumer,Coimbatore,Tamil Nadu,Office Supplies,Labels,1679.55,6,0.4,102.41
IND-11562,2021-11-19,2021-11-22,First Class,Kavita Bansal,Home Office,Kolkata,West Bengal,Technology,Accessories,4179.98,8,N/A,183.15
IND-11563,2023-03-29,2023-03-31,First Class,Kavita Tiwari,Home Office,Kolkata,West Bengal,Technology,Machines,2474.37,2,0.4,232.18
IND-11564,2022-12-08,2022-12-11,Same Day,Sneha Tiwari,Consumer,Kolkata,West Bengal,Office Supplies,Binders,4538.18,7,0.0,847.17
IND-11565,2021-06-02,2021-06-06,Second Class,Kavita Agarwal,Corporate,Bhopal,Madhya Pradesh,Furniture,Chairs,4570.91,5,0.0,866.62
IND-11566,2021-09-11,2021-09-14,Same Day,Deepak Kapoor,Home Office,New Delhi,Delhi,Office Supplies,Labels,2759.27,7,0.3,661.83
IND-11567,2023-02-06,2023-02-10,First Class,Vikas Patel,Home Office,Kolkata,West Bengal,Technology,Machines,4930.32,5,0.2,888.19
IND-11568,2021-08-05,2021-08-09,First Class,Rahul Verma,Home Office,Chennai,Tamil Nadu,Furniture,Chairs,787.54,9,0.0,181.48
IND-11569,2023-03-29,2023-03-30,Second Class,Arjun Jain,Corporate,Kolkata,West Bengal,Technology,Phones,3301.18,4,0.2,710.95
IND-11570,2022-11-18,2022-11-20,Standard Class,Vivek Mehta,Consumer,Agra,Uttar Pradesh,Office Supplies,Labels,4496.04,3,0.4,-186.32
IND-11571,2022-11-24,2022-11-25,Standard Class,Sunita Yadav,Corporate,Howrah,West Bengal,Furniture,Bookcases,3495.62,9,0.4,132.69
IND-11572,2021-05-03,2021-05-05,Same Day,Kavita Joshi,Corporate,Kolkata,West Bengal,Office Supplies,Art,1057.66,8,0.1,213.83
IND-11573,2022-12-16,2022-12-20,First Class,Amit Kapoor,Corporate,Ahmedabad,Gujarat,Furniture,Tables,522.71,4,0.4,79.24
IND-11574,2022-04-19,2022-04-23,First Class,Sneha Chatterjee,Corporate,Bengaluru,Karnataka,Furniture,Tables,3280.03,3,0.3,224.33
IND-11575,2021-07-19,2021-07-22,Second Class,Nitin Chatterjee,Consumer,Kolkata,West Bengal,Furniture,Chairs,1644.53,8,0.1,442.0
IND-11576,2022-02-12,2022-02-13,Standard Class,Ritu Chatterjee,Home Office,Bhopal,Madhya Pradesh,Office Supplies,Art,2768.48,1,0.1,174.27
IND-11577,2022-06-16,2022-06-17,Same Day,Manish Chauhan,Consumer,Vadodara,Gujarat,Technology,Machines,1242.86,3,0.0,324.43
IND-11578,2021-05-07,2021-05-09,Same Day,Sneha Saxena,Corporate,New Delhi,Delhi,Technology,Phones,1063.92,3,0.2,156.43
IND-11579,05/10/2022,2022-10-09,Second Class,Vivek Agarwal,Corporate,Coimbatore,Tamil Nadu,Office Supplies,Storage,2259.1,3,0.2,206.51
IND-11580,2021-07-21,2021-07-25,Second Class,Ritu Singh,Corporate,Mangalore,Karnataka,Office Supplies,Storage,4086.56,1,0.1,980.93
IND-11581,2021-10-21,2021-10-23,Second Class,Rahul Verma,Consumer,Jaipur,Rajasthan,Furniture,Tables,3739.06,5,0.0,898.8
IND-11582,2023-03-23,2023-03-26,Standard Class,Kiran Gupta,Home Office,Jaipur,Rajasthan,Technology,Machines,1110.1,5,0.4,38.62
IND-11583,2022-12-27,2022-12-30,Same Day,Neha Chauhan,Consumer,Kanpur,Uttar Pradesh,FURNITURE,Bookcases,2489.08,1,0.3,34.65
IND-11584,2021-07-01,2021-07-02,First Class,Neha Joshi,Home Office,Indore,Madhya Pradesh,Office Supplies,Binders,4735.72,4,0.3,-228.67
IND-11585,2021-06-25,2021-06-29,First Class,Priya Patel,Consumer,Kolkata,West Bengal,Office Supplies,Paper,1013.54,9,0.1,295.4
IND-11586,2022-10-11,2022-10-15,Second Class,,Corporate,,Maharashtra,Office Supplies,Labels,4840.83,9,0.1,1084.86
IND-11587,2022-11-03,2022-11-04,Standard Class,Rohit Kapoor,Corporate,Howrah,West Bengal,Office Supplies,Binders,1751.31,3,0.0,478.45
IND-11588,2023-06-13,2023-06-14,Standard Class,Rohit Agarwal,Consumer,New Delhi,Delhi,Furniture,Tables,1062.2,7,0.2,246.64
IND-11589,2021-10-11,2021-10-15,Second Class,,Corporate,Kolkata,West Bengal,Office Supplies,Binders,3540.58,8,0.1,658.56
IND-11590,2021-11-19,2021-11-20,Second Class,Vikas Agarwal,Corporate,Jaipur,Rajasthan,Furniture,Chairs,4620.47,8,0.0,778.76
IND-11591,2022-08-21,2022-08-25,First Class,Ritu Kapoor,Home Office,Bhopal,Madhya Pradesh,Office Supplies,Storage,3612.95,6,0.0,1337.87
IND-11592,2022-12-30,2023-01-03,First Class,Arjun Tiwari,Home Office,Udaipur,Rajasthan,Furniture,Bookcases,215.38,6,N/A,32.86
IND-11593,2021-03-09,2021-03-12,Standard Class,Vikas Agarwal,Home Office,Bengaluru,Karnataka,Office Supplies,Paper,2808.75,6,0.2,297.68
IND-11594,2022-07-21,2022-07-22,Same Day,Arjun Kapoor,Consumer,Vadodara,Gujarat,Furniture,Furnishings,3043.93,1,0.4,119.0
IND-11595,2021-01-23,2021-01-24,First Class,Anjali Joshi,Consumer,Ahmedabad,Gujarat,Office Supplies,Paper,4586.16,8,0.3,883.28
IND-11596,2021-10-25,2021-10-26,Second Class,Arjun Kumar,Consumer,Coimbatore,Tamil Nadu,Technology,Phones,4639.13,2,0.4,-253.33
IND-11597,2022-11-07,2022-11-09,Same Day,Kiran Sharma,Home Office,,Rajasthan,Furniture,Tables,289.16,3,0.1,45.99
IND-11598,2022-02-14,2022-02-16,First Class,Kiran Patel,Home Office,Coimbatore,Tamil Nadu,Technology,Machines,3804.72,7,0.3,686.87
IND-11599,2023-02-16,2023-02-17,Same Day,Anjali Pandey,Home Office,Ahmedabad,Gujarat,FURNITURE,Chairs,1153.68,7,0.2,130.07
IND-11600,2022-06-19,2022-06-22,Second Class,Rahul Kumar,Corporate,Mysuru,Karnataka,Technology,Copiers,2940.26,9,0.2,418.11
IND-11601,2022-05-19,2022-05-23,First Class,Pooja Mishra,Corporate,Mumbai,  maharashtra  ,Technology,Copiers,1255.68,9,0.4,141.41
IND-11602,2021-11-23,2021-11-24,Second Class,Vivek Iyer,Consumer,New Delhi,Delhi,Office Supplies,Storage,4731.3,4,0.0,800.41
IND-11603,2023-04-18,2023-04-21,Same Day,Sunita Chatterjee,Home Office,New Delhi,Delhi,Office Supplies,Labels,3668.89,9,0.4,238.36
IND-11604,2023-05-06,2023-05-09,Standard Class,Anjali Kapoor,Home Office,New Delhi,Delhi,Office Supplies,Labels,1106.74,7,0.2,79.64
IND-11605,2023-03-12,2023-03-15,Standard Class,Neha Mishra,Home Office,Howrah,West Bengal,Technology,Accessories,2800.43,3,0.2,275.48
IND-11606,2021-06-21,2021-06-25,Standard Class,Priya Singh,Consumer,New Delhi,Delhi,Office Supplies,Storage,3138.28,9,0.2,938.34
IND-11607,2021-06-23,2021-06-27,Standard Class,Kavita Mishra,Home Office,Indore,Madhya Pradesh,Furniture,Bookcases,1712.97,1,0.3,-25.45
IND-11608,2023-04-09,2023-04-13,First Class,Manish Yadav,Home Office,Bengaluru,Karnataka,Furniture,Furnishings,1919.65,6,0.4,-165.57
IND-11609,2021-06-20,2021-06-24,Second Class,Vikas Kumar,Corporate,Nagpur,Maharashtra,Furniture,Furnishings,2529.16,9,0.2,107.64
IND-11610,2021-09-18,2021-09-20,Same Day,Nitin Mishra,Home Office,Madurai,Tamil Nadu,Office Supplies,Paper,903.04,7,0.2,5.63
IND-11611,2021-09-08,2021-09-09,First Class,Rohit Agarwal,Consumer,Kolkata,West Bengal,Office Supplies,Paper,4994.55,3,0.4,-208.85
IND-11612,2022-08-16,2022-08-18,First Class,Priya Mishra,Home Office,Nashik,Maharashtra,Technology,Machines,1429.3,7,0.4,99.39
IND-11613,2022-10-05,2022-10-08,Same Day,Priya Joshi,Consumer,Howrah,West Bengal,Technology,Copiers,4513.84,4,0.2,303.68
IND-11614,2022-08-05,2022-08-07,Standard Class,Deepak Yadav,Consumer,Mysuru,Karnataka,Office Supplies,Paper,3926.81,3,0.2,47.42
IND-11615,2021-06-25,2021-06-27,Same Day,Kavita Mishra,Home Office,Indore,Madhya Pradesh,Office Supplies,Binders,2732.4,1,0.2,291.64
IND-11616,2021-02-25,2021-03-01,Second Class,Kiran Pandey,Corporate,Nashik,Maharashtra,Furniture,Bookcases,1166.29,2,0.2,309.26
IND-11617,2021-04-04,2021-04-06,First Class,Sunita Saxena,Home Office,Surat,  gujarat  ,Technology,Copiers,3199.17,1,0.0,907.99
IND-11618,2022-01-19,2022-01-20,Standard Class,Amit Saxena,Corporate,Howrah,West Bengal,Technology,Machines,1644.04,9,0.2,221.29
IND-11619,2022-10-27,2022-10-29,Same Day,Nitin Pandey,Consumer,New Delhi,Delhi,Furniture,Furnishings,2267.78,3,0.4,315.05
IND-11620,2022-12-26,2022-12-27,First Class,Priya Jain,Corporate,Chennai,Tamil Nadu,Technology,Machines,1681.56,8,0.3,259.33
IND-11621,2021-11-01,2021-11-02,Standard Class,Neha Mishra,Home Office,Chennai,Tamil Nadu,Furniture,Bookcases,3824.35,2,0.3,147.35
IND-11622,2021-12-05,2021-12-06,First Class,Kavita Mishra,Corporate,Howrah,West Bengal,Furniture,Tables,4260.74,2,0.1,1352.69
IND-11623,2023-04-14,2023-04-18,Standard Class,Vivek Patel,Corporate,Ahmedabad,Gujarat,Office Supplies,Binders,1372.0,6,0.3,-37.74
IND-11624,2021-12-01,2021-12-02,Standard Class,Anjali Kapoor,Consumer,New Delhi,Delhi,Technology,Phones,2993.99,3,0.3,323.46
IND-11625,2022-07-28,2022-07-29,Same Day,Suresh Jain,Home Office,Jaipur,Rajasthan,Furniture,Chairs,2412.49,1,0.2,537.77
IND-11626,2021-05-04,2021-05-07,First Class,Neha Kumar,Corporate,Ahmedabad,Gujarat,Office Supplies,Art,2289.52,6,0.2,659.68
IND-11627,2022-08-24,2022-08-28,Second Class,Arjun Iyer,Corporate,New Delhi,Delhi,Technology,Phones,2131.51,7,0.0,482.71
IND-11628,2022-08-05,2022-08-06,Standard Class,Priya Singh,Home Office,,Gujarat,Furniture,Chairs,4775.87,8,0.4,600.05
IND-11629,2022-09-10,2022-09-12,First Class,Kiran Sharma,Consumer,Lucknow,  uttar pradesh  ,Office Supplies,Art,342.12,5,0.1,93.98
IND-11630,2023-03-12,2023-03-15,Standard Class,Sunita Pandey,Consumer,Mumbai,Maharashtra,Office Supplies,Storage,717.02,2,0.4,-38.07
IND-11631,2021-03-10,2021-03-13,Standard Class,Anjali Joshi,Corporate,Kanpur,  uttar pradesh  ,Technology,Machines,277.13,2,0.4,54.32
IND-11632,2021-05-29,2021-06-02,Same Day,Priya Agarwal,Home Office,Mysuru,Karnataka,Office Supplies,Storage,4561.51,1,0.4,-450.14
IND-11633,2022-12-05,2022-12-07,First Class,Ritu Singh,Consumer,Bhopal,Madhya Pradesh,Technology,Phones,4128.6,1,0.2,638.12
IND-11634,2021-06-09,2021-06-12,Second Class,Suresh Joshi,Consumer,Bhopal,Madhya Pradesh,Office Supplies,Binders,3692.56,7,0.1,527.27
IND-11635,2022-03-09,2022-03-13,First Class,Arjun Chauhan,Corporate,New Delhi,Delhi,Technology,Copiers,1043.4,5,0.3,129.03
IND-11636,2021-12-31,2022-01-02,Standard Class,Manish Mishra,Home Office,Madurai,Tamil Nadu,OFFICE SUPPLIES,Binders,4897.8,1,0.3,142.12
IND-11637,2021-08-27,2021-08-29,Standard Class,Neha Joshi,Consumer,New Delhi,Delhi,Technology,Machines,1851.32,5,0.2,221.89
IND-11638,2021-02-02,2021-02-05,First Class,Arjun Agarwal,Home Office,Nashik,Maharashtra,Technology,Machines,3402.23,9,0.0,915.91
IND-11639,2022-08-29,2022-08-31,First Class,Ankit Iyer,Corporate,Kolkata,West Bengal,Technology,Machines,2715.77,9,0.0,834.63
IND-11640,2022-12-16,2022-12-18,Second Class,Sunita Sharma,Consumer,,Delhi,Office Supplies,Art,1415.66,7,0.0,156.49
IND-11641,2022-05-14,2022-05-18,Standard Class,Rahul Iyer,Home Office,Pune,Maharashtra,Furniture,Furnishings,3626.44,9,0.4,-61.89
IND-11642,2022-09-24,2022-09-25,Same Day,Nitin Patel,Consumer,Coimbatore,Tamil Nadu,Office Supplies,Labels,3953.87,7,0.2,727.12
IND-11643,2023-03-07,2023-03-11,Second Class,Ritu Joshi,Home Office,Indore,Madhya Pradesh,Technology,Accessories,1493.54,2,0.1,363.28
IND-11644,2022-10-26,2022-10-28,Standard Class,Neha Tiwari,Consumer,Lucknow,Uttar Pradesh,Furniture,Chairs,2292.18,5,0.2,647.72
IND-11645,2023-06-08,2023-06-10,Same Day,Vikas Joshi,Corporate,Nagpur,Maharashtra,Office Supplies,Binders,3698.09,7,0.4,-103.9
IND-11646,07/06/2023,2023-06-08,First Class,Rohit Chatterjee,Home Office,Indore,  madhya pradesh  ,Technology,Accessories,4147.47,2,0.1,1061.83
IND-11647,2021-12-04,2021-12-07,Same Day,Pooja Joshi,Corporate,Howrah,West Bengal,Furniture,Tables,732.89,5,0.0,175.71
IND-11648,2023-05-23,2023-05-27,First Class,Amit Singh,Consumer,Ahmedabad,  gujarat  ,Furniture,Tables,1392.26,4,0.1,288.18
IND-11649,2021-03-27,2021-03-29,Second Class,Ritu Chatterjee,Consumer,Vadodara,Gujarat,Office Supplies,Art,939.27,2,0.0,202.73
IND-11650,2021-06-16,2021-06-20,Second Class,Ankit Pandey,Home Office,Chennai,Tamil Nadu,Technology,Machines,215.37,1,0.2,46.9
IND-11651,2021-09-22,2021-09-25,First Class,Sneha Kumar,Corporate,Chennai,Tamil Nadu,Office Supplies,Paper,"2,036.56",2,0.2,276.38
IND-11652,2022-06-07,2022-06-09,First Class,Deepak Patel,Home Office,Bhopal,Madhya Pradesh,Furniture,Bookcases,4768.99,1,0.3,689.1
IND-11653,2022-01-23,2022-01-25,Second Class,Manish Chatterjee,Consumer,,  uttar pradesh  ,Technology,Phones,4740.69,4,0.2,960.95
IND-11654,2023-04-06,2023-04-09,First Class,Suresh Gupta,Corporate,Jaipur,Rajasthan,Furniture,Bookcases,2485.09,8,0.0,931.48
IND-11655,2022-06-27,2022-06-29,First Class,Deepak Bansal,Home Office,Mangalore,Karnataka,Technology,Accessories,267.38,8,0.3,2.73
IND-11656,2021-02-25,2021-03-01,Second Class,Sunita Iyer,Consumer,Udaipur,Rajasthan,Office Supplies,Paper,1115.28,4,0.4,148.98
IND-11657,2021-11-19,2021-11-21,First Class,Sneha Bansal,Home Office,Vadodara,Gujarat,Office Supplies,Storage,3128.31,1,0.1,403.77
IND-11658,2021-05-09,2021-05-13,Standard Class,Ritu Saxena,Consumer,Coimbatore,Tamil Nadu,Technology,Phones,309.67,6,0.0,76.14
IND-11659,2021-11-02,2021-11-04,Standard Class,Pooja Pandey,Home Office,Howrah,West Bengal,Furniture,Tables,735.71,4,0.1,240.7
IND-11660,2022-11-09,2022-11-10,Standard Class,Kavita Iyer,Consumer,Mangalore,Karnataka,Office Supplies,Art,1094.66,2,0.1,77.08
IND-11661,2023-05-21,2023-05-25,Same Day,Suresh Chauhan,Consumer,Ahmedabad,Gujarat,Office Supplies,Art,4953.15,8,0.4,-96.95
IND-11662,2022-09-05,2022-09-07,Second Class,Sneha Jain,Home Office,Howrah,West Bengal,Furniture,Chairs,1205.2,7,0.3,280.61
IND-11663,2022-12-27,2022-12-30,Second Class,Suresh Sharma,Home Office,New Delhi,Delhi,Office Supplies,Art,4490.61,6,0.0,814.26
IND-11664,11/06/2021,2021-06-12,Same Day,Suresh Gupta,Consumer,Howrah,West Bengal,Technology,Accessories,483.45,9,0.1,88.19
IND-11665,2022-08-23,2022-08-24,Second Class,Sneha Mehta,Home Office,Noida,Uttar Pradesh,Technology,Machines,3999.92,5,0.3,375.9
IND-11666,13/02/2023,2023-02-14,Second Class,Sunita Joshi,Home Office,Pune,Maharashtra,Furniture,Tables,2361.55,4,0.4,391.0
IND-11667,2023-02-27,2023-03-01,Standard Class,Suresh Singh,Corporate,Nagpur,Maharashtra,Furniture,Bookcases,4370.6,1,0.3,823.21
IND-11668,2022-09-09,2022-09-11,First Class,Suresh Verma,Consumer,Ahmedabad,Gujarat,Technology,Machines,3310.8,4,0.3,163.8
IND-11669,2021-09-16,2021-09-19,Second Class,Manish Yadav,Home Office,Udaipur,Rajasthan,Technology,Machines,2626.81,9,0.4,167.63
IND-11670,2021-10-10,2021-10-13,First Class,,Home Office,Jaipur,Rajasthan,Furniture,Bookcases,1269.07,5,0.1,200.97
IND-11671,2021-09-19,2021-09-23,First Class,Priya Singh,Home Office,Bhopal,Madhya Pradesh,Technology,Machines,3511.88,1,0.0,699.49
IND-11672,2021-05-20,2021-05-21,Standard Class,Anjali Iyer,Home Office,Bengaluru,Karnataka,Technology,Phones,4031.13,6,0.2,84.58
IND-11673,03/03/2021,2021-03-07,Standard Class,Vivek Mishra,Consumer,Lucknow,Uttar Pradesh,Furniture,Chairs,1188.44,7,0.2,214.71
IND-11674,2021-02-17,not available,First Class,Ankit Gupta,Consumer,Coimbatore,Tamil Nadu,Furniture,Bookcases,4893.83,7,0.2,1294.58
IND-11675,2022-07-05,2022-07-06,First Class,Vikas Pandey,Corporate,Coimbatore,Tamil Nadu,Technology,Machines,2186.32,6,0.0,498.13
IND-11676,2021-04-08,2021-04-10,Second Class,Ritu Chatterjee,Consumer,Madurai,Tamil Nadu,Office Supplies,Storage,2060.05,6,0.1,706.61
IND-11677,2022-11-18,2022-11-20,Same Day,Rahul Joshi,Home Office,Indore,Madhya Pradesh,Furniture,Furnishings,482.39,5,0.1,113.15
IND-11678,2022-06-17,2022-06-20,Second Class,Kiran Kapoor,Home Office,,Delhi,Furniture,Tables,3166.29,6,0.3,393.99
IND-11679,2022-01-23,2022-01-26,Same Day,Manish Agarwal,Corporate,Kanpur,Uttar Pradesh,Technology,Accessories,1897.83,7,0.2,259.99
IND-11680,2022-11-28,2022-12-02,Same Day,Vivek Singh,Corporate,Howrah,West Bengal,FURNITURE,Tables,3385.55,4,0.2,956.53
IND-11681,04/08/2022,2022-08-06,Standard Class,Rahul Bansal,Consumer,Mangalore,Karnataka,Technology,Copiers,3163.34,9,0.4,113.68
IND-11682,2022-07-28,2022-08-01,Standard Class,Sneha Agarwal,Consumer,Indore,  madhya pradesh  ,Office Supplies,Art,3284.91,5,0.3,790.96
IND-11683,2023-02-14,2023-02-17,Same Day,Manish Chauhan,Corporate,Madurai,Tamil Nadu,Furniture,Furnishings,1059.83,9,0.1,283.81
IND-11684,2022-10-26,2022-10-28,Second Class,Ritu Gupta,Consumer,Mangalore,Karnataka,Technology,Copiers,3793.09,2,0.0,836.58
IND-11685,2022-12-21,2022-12-22,Second Class,Kiran Mehta,Home Office,,Delhi,Technology,Phones,557.0,8,0.4,91.47
IND-11686,2021-06-26,2021-06-29,Standard Class,Amit Tiwari,Consumer,Agra,Uttar Pradesh,Office Supplies,Paper,2379.91,7,0.1,407.39
IND-11687,2021-04-04,2021-04-06,First Class,Rahul Patel,Consumer,Nashik,Maharashtra,Furniture,Tables,"4,435.41",2,0.2,453.79
IND-11688,2022-11-08,2022-11-12,First Class,Sneha Patel,Home Office,Indore,Madhya Pradesh,Furniture,Bookcases,1411.44,1,0.2,126.24
IND-11689,2022-10-10,2022-10-13,First Class,Suresh Joshi,Corporate,Udaipur,Rajasthan,Furniture,Tables,2236.96,5,0.3,70.98
IND-11690,2021-02-17,2021-02-19,Standard Class,Kavita Agarwal,Corporate,Noida,Uttar Pradesh,Technology,Copiers,1293.72,3,0.4,-76.57
IND-11691,2022-05-02,2022-05-03,Second Class,Deepak Yadav,Home Office,Agra,Uttar Pradesh,Office Supplies,Storage,3948.07,7,0.4,-188.4
IND-11692,2022-09-14,2022-09-18,First Class,Nitin Verma,Consumer,Lucknow,Uttar Pradesh,Technology,Accessories,1385.13,8,0.3,141.98
IND-11693,2022-05-07,2022-05-11,Second Class,Suresh Singh,Home Office,Coimbatore,Tamil Nadu,Office Supplies,Binders,4780.29,5,0.1,868.04
IND-11694,2023-02-04,2023-02-06,Second Class,Manish Tiwari,Corporate,Mangalore,Karnataka,Office Supplies,Binders,4243.26,6,0.0,1371.99
IND-11695,2021-05-07,2021-05-11,Second Class,Neha Sharma,Home Office,Mysuru,Karnataka,Furniture,Bookcases,1542.04,7,0.1,376.58
IND-11696,2022-08-05,2022-08-09,Standard Class,Ankit Patel,Consumer,Mysuru,Karnataka,Office Supplies,Labels,1344.82,4,0.0,143.25
IND-11697,2022-09-17,2022-09-18,First Class,Kiran Iyer,Corporate,Pune,Maharashtra,Office Supplies,Binders,4623.79,2,0.3,-179.7
IND-11698,2022-12-30,2022-12-31,First Class,Amit Joshi,Home Office,Ahmedabad,Gujarat,Office Supplies,Storage,248.42,7,0.0,92.46
IND-11699,2023-04-23,2023-04-26,Standard Class,Vikas Gupta,Home Office,Kolkata,West Bengal,Furniture,Tables,"4,890.08",5,0.1,1137.53
IND-11700,2022-07-28,2022-07-30,Standard Class,Vivek Yadav,Home Office,,Delhi,Office Supplies,Paper,2297.53,7,0.0,243.82
IND-11701,2021-10-13,2021-10-17,First Class,Neha Mehta,Consumer,Howrah,West Bengal,Technology,Machines,732.54,7,0.3,15.18
IND-11702,2021-11-04,2021-11-06,First Class,Pooja Kumar,Home Office,Kanpur,Uttar Pradesh,Office Supplies,Binders,2361.67,7,0.3,388.76
IND-11703,2021-08-31,2021-09-01,Standard Class,Rahul Sharma,Consumer,Agra,Uttar Pradesh,Furniture,Bookcases,828.5,3,0.4,-70.74
IND-11704,2021-06-20,2021-06-24,Second Class,Arjun Gupta,Corporate,,Tamil Nadu,Office Supplies,Binders,4178.34,2,0.2,1051.57
IND-11705,2022-04-30,2022-05-01,Second Class,Rahul Patel,Consumer,Kanpur,Uttar Pradesh,OFFICE SUPPLIES,Binders,4317.67,5,0.4,348.93
IND-11706,2022-01-05,2022-01-07,Same Day,Kavita Kapoor,Corporate,Indore,Madhya Pradesh,Office Supplies,Binders,829.59,3,0.4,12.79
IND-11707,2022-05-26,2022-05-29,Second Class,Ankit Bansal,Home Office,New Delhi,Delhi,Technology,Machines,2938.91,9,0.4,-192.84
IND-11708,2021-07-02,2021-07-04,First Class,Anjali Saxena,Home Office,Indore,Madhya Pradesh,Furniture,Bookcases,2167.62,3,0.3,53.62
IND-11709,2022-08-25,2022-08-28,First Class,Sunita Singh,Corporate,Udaipur,Rajasthan,Technology,Accessories,4105.85,6,0.0,1259.99
IND-11710,2021-05-01,2021-05-05,Same Day,Vivek Agarwal,Corporate,Bengaluru,Karnataka,Technology,Phones,3991.76,8,0.4,360.05
IND-11711,2022-04-04,2022-04-08,Same Day,Arjun Mishra,Consumer,Jaipur,Rajasthan,Furniture,Chairs,2748.17,2,0.0,813.3
IND-11712,2021-01-23,2021-01-24,Same Day,Manish Agarwal,Corporate,Agra,Uttar Pradesh,Office Supplies,Labels,3036.24,8,0.1,900.54
IND-11713,2023-02-24,2023-02-28,First Class,Pooja Agarwal,Consumer,Noida,Uttar Pradesh,OFFICE SUPPLIES,Paper,4232.16,6,0.0,470.69
IND-11714,2022-12-22,2022-12-25,Second Class,Pooja Kapoor,Consumer,Pune,Maharashtra,Furniture,Chairs,3064.79,9,0.2,210.41
IND-11715,2022-04-10,2022-04-11,Same Day,Rahul Singh,Consumer,Vadodara,Gujarat,Technology,Accessories,1430.76,5,0.1,258.52
IND-11716,2022-08-12,2022-08-14,First Class,Pooja Sharma,Corporate,New Delhi,Delhi,Furniture,Furnishings,4479.94,7,0.1,428.18
IND-11717,2022-03-28,2022-04-01,Same Day,Kavita Yadav,Consumer,Ahmedabad,Gujarat,Technology,Phones,2476.6,1,0.2,158.57
IND-11718,2021-09-13,2021-09-16,Standard Class,Sneha Agarwal,Consumer,Kanpur,Uttar Pradesh,OFFICE SUPPLIES,Paper,1095.62,1,0.2,202.9
IND-11719,2021-11-03,2021-11-04,First Class,Ankit Chauhan,Home Office,Chennai,Tamil Nadu,Technology,Copiers,3795.35,1,0.0,745.96
IND-11720,2022-06-23,2022-06-25,Second Class,Sunita Singh,Consumer,New Delhi,Delhi,Technology,Copiers,3631.66,6,0.0,869.15
IND-11721,2022-04-22,2022-04-25,Second Class,Vivek Yadav,Home Office,Indore,Madhya Pradesh,Office Supplies,Art,2515.28,9,0.2,744.02
IND-11722,2022-03-22,2022-03-26,Same Day,Ritu Mehta,Consumer,Lucknow,Uttar Pradesh,Furniture,Chairs,3832.04,5,0.4,-20.37
IND-11723,2021-09-02,2021-09-03,Standard Class,Nitin Sharma,Corporate,Howrah,West Bengal,Office Supplies,Binders,1213.53,5,0.1,293.28
IND-11724,2022-11-09,2022-11-11,Standard Class,Priya Mishra,Corporate,Kanpur,Uttar Pradesh,Office Supplies,Art,956.39,8,0.0,187.38
IND-11725,2022-04-19,2022-04-23,Same Day,Neha Singh,Home Office,Pune,Maharashtra,FURNITURE,Furnishings,2247.15,7,0.3,361.73
IND-11726,2022-04-29,2022-05-01,Second Class,Rahul Tiwari,Corporate,Bhopal,Madhya Pradesh,Technology,Machines,2489.8,7,0.3,93.49
IND-11727,2022-12-28,2023-01-01,Second Class,Ritu Kumar,Consumer,Udaipur,Rajasthan,Furniture,Furnishings,2138.88,6,0.1,350.24
IND-11728,2021-07-13,2021-07-17,First Class,Ritu Pandey,Home Office,Bengaluru,Karnataka,Furniture,Bookcases,4562.57,8,0.2,620.49
IND-11729,2022-11-03,2022-11-05,First Class,,Consumer,Howrah,West Bengal,Furniture,Bookcases,1539.14,7,0.1,187.08
IND-11730,2022-07-08,2022-07-11,Same Day,Deepak Iyer,Consumer,Udaipur,Rajasthan,Technology,Machines,4372.66,6,0.2,371.33
IND-11731,2022-07-13,2022-07-16,Second Class,Sunita Bansal,Corporate,Noida,Uttar Pradesh,Office Supplies,Art,3727.65,4,0.4,642.39
IND-11732,2022-02-19,2022-02-20,Standard Class,Arjun Gupta,Corporate,Jaipur,Rajasthan,Technology,Accessories,563.41,1,0.1,170.41
IND-11733,2023-01-03,2023-01-06,Same Day,,Corporate,Surat,Gujarat,Office Supplies,Art,3637.79,4,0.4,677.27
IND-11734,2021-09-10,2021-09-13,Standard Class,Kiran Mishra,Consumer,Pune,Maharashtra,Furniture,Chairs,3376.37,1,0.3,291.05
IND-11735,2021-09-18,2021-09-19,Standard Class,Kavita Mishra,Consumer,Jaipur,Rajasthan,Furniture,Bookcases,2898.29,6,0.2,69.23
IND-11736,2023-05-18,2023-05-20,Second Class,Rohit Mishra,Home Office,Pune,Maharashtra,Technology,Copiers,579.24,3,0.1,56.43
IND-11737,2021-06-26,2021-06-28,Second Class,Rohit Kapoor,Consumer,Ahmedabad,Gujarat,Furniture,Tables,3919.26,3,0.1,1129.53
IND-11738,2021-04-02,2021-04-05,Second Class,Pooja Pandey,Consumer,Madurai,Tamil Nadu,Furniture,Tables,746.18,2,0.0,218.63
IND-11739,2021-12-23,2021-12-26,Second Class,Deepak Mehta,Corporate,Coimbatore,Tamil Nadu,TECHNOLOGY,Accessories,4846.89,6,0.2,110.8
IND-11740,2021-06-27,2021-06-30,Standard Class,Kavita Gupta,Corporate,Kolkata,West Bengal,Furniture,Bookcases,3995.72,8,0.3,103.01
IND-11741,2021-08-07,2021-08-09,Standard Class,Anjali Saxena,Consumer,Kanpur,Uttar Pradesh,Technology,Copiers,2719.61,4,0.2,38.38
IND-11742,2021-05-18,2021-05-20,First Class,Arjun Verma,Corporate,New Delhi,Delhi,Technology,Machines,4519.91,1,0.0,1543.77
IND-11743,2021-01-27,2021-01-29,Same Day,Kavita Mishra,Consumer,Bengaluru,Karnataka,Furniture,Tables,1205.27,3,0.1,262.93
IND-11744,2023-03-09,2023-03-13,Same Day,Kiran Mehta,Corporate,Bengaluru,Karnataka,Furniture,Furnishings,653.73,4,0.2,141.91
IND-11745,2023-01-25,2023-01-27,Second Class,Sneha Tiwari,Home Office,Ahmedabad,Gujarat,Office Supplies,Binders,4010.83,9,0.2,1020.63
IND-11746,2021-12-29,2021-12-31,Second Class,Nitin Mehta,Corporate,New Delhi,Delhi,Furniture,Tables,4358.28,1,0.1,848.98
IND-11747,08/02/2022,2022-02-10,Second Class,Pooja Patel,Consumer,Chennai,Tamil Nadu,Office Supplies,Paper,4753.77,1,0.2,156.19
IND-11748,2021-03-10,2021-03-14,Standard Class,Ritu Mehta,Consumer,Agra,Uttar Pradesh,Office Supplies,Storage,1087.89,6,0.0,358.43
IND-11749,2021-12-15,2021-12-19,Second Class,Pooja Mishra,Corporate,Agra,Uttar Pradesh,Furniture,Tables,1082.38,9,0.1,366.99
IND-11750,2023-05-11,2023-05-12,First Class,Deepak Jain,Consumer,Mangalore,Karnataka,Office Supplies,Paper,3656.29,7,0.3,686.01
IND-11751,2023-02-23,2023-02-27,Same Day,Manish Kapoor,Consumer,Udaipur,Rajasthan,Furniture,Tables,2784.5,3,0.0,792.08
IND-11752,2022-09-15,2022-09-19,First Class,Sunita Mishra,Home Office,Madurai,Tamil Nadu,Office Supplies,Art,4771.33,3,0.1,1098.06
IND-11753,2022-06-21,2022-06-22,First Class,Sneha Bansal,Home Office,Udaipur,Rajasthan,Technology,Machines,2345.42,1,0.1,493.71
IND-11754,2021-10-13,2021-10-16,First Class,Manish Mehta,Home Office,Coimbatore,Tamil Nadu,Office Supplies,Storage,2490.99,4,0.2,724.77
IND-11755,2023-02-01,2023-02-04,Second Class,Kiran Mehta,Corporate,Bhopal,Madhya Pradesh,Office Supplies,Binders,2336.65,1,0.1,761.56
IND-11756,2021-01-02,2021-01-03,Same Day,Nitin Gupta,Corporate,Chennai,Tamil Nadu,Office Supplies,Labels,4993.68,9,0.1,578.59
IND-11757,2022-03-19,2022-03-22,Second Class,Priya Mishra,Home Office,Udaipur,Rajasthan,Office Supplies,Art,674.28,7,0.0,162.29
IND-11758,2022-06-16,2022-06-17,Standard Class,Sunita Chatterjee,Consumer,Bhopal,Madhya Pradesh,Office Supplies,Art,3124.02,8,0.4,-8.12
IND-11759,2023-05-24,2023-05-27,Second Class,Amit Mishra,Home Office,New Delhi,Delhi,Furniture,Tables,4507.44,4,0.4,-407.27
IND-11760,2023-03-26,2023-03-28,First Class,Rahul Chatterjee,Home Office,Jaipur,Rajasthan,Office Supplies,Paper,4140.08,2,0.4,505.67
IND-11761,2021-12-19,2021-12-20,Same Day,Kavita Agarwal,Consumer,Mangalore,Karnataka,Office Supplies,Labels,442.53,6,0.2,120.13
IND-11762,2022-05-13,2022-05-15,Second Class,Rahul Verma,Home Office,Ahmedabad,Gujarat,Office Supplies,Art,4616.42,4,0.3,983.73
IND-11763,2021-03-24,2021-03-26,First Class,Anjali Mishra,Home Office,Kanpur,Uttar Pradesh,Office Supplies,Labels,1974.68,9,0.0,356.31
IND-11764,2022-02-21,2022-02-24,First Class,,Consumer,Udaipur,Rajasthan,Technology,Accessories,3300.76,9,0.4,-119.54
IND-11765,2021-03-30,2021-04-02,First Class,Amit Agarwal,Home Office,Nagpur,Maharashtra,Furniture,Bookcases,2683.25,6,0.4,-42.56
IND-11766,2021-09-03,2021-09-04,Second Class,Suresh Kapoor,Consumer,Bengaluru,Karnataka,Technology,Copiers,4708.75,9,0.1,391.11
IND-11767,2022-04-29,2022-05-01,Second Class,Sunita Chatterjee,Corporate,New Delhi,Delhi,Office Supplies,Art,2542.97,9,0.4,283.8
IND-11768,2023-02-08,2023-02-10,Standard Class,Suresh Jain,Consumer,Ahmedabad,  gujarat  ,Office Supplies,Art,1724.17,6,0.2,245.56
IND-11769,2022-11-28,2022-11-30,Second Class,Rohit Gupta,Consumer,Bhopal,Madhya Pradesh,Office Supplies,Paper,3635.13,3,0.0,716.7
IND-11770,2021-07-27,2021-07-30,First Class,Manish Patel,Consumer,Pune,Maharashtra,TECHNOLOGY,Phones,2631.96,2,0.2,315.11
IND-11771,2021-10-08,2021-10-10,Second Class,Nitin Saxena,Consumer,Pune,Maharashtra,Office Supplies,Binders,3248.74,8,0.1,520.05
IND-11772,2021-12-21,2021-12-23,Second Class,Deepak Mishra,Home Office,Kolkata,West Bengal,Office Supplies,Binders,1742.84,2,N/A,327.79
IND-11773,2021-05-07,2021-05-10,Standard Class,Sunita Bansal,Consumer,New Delhi,Delhi,Office Supplies,Art,2816.93,7,0.0,875.64
IND-11774,2021-07-22,2021-07-24,Second Class,Kavita Gupta,Home Office,Mangalore,Karnataka,Office Supplies,Storage,4973.39,8,0.4,-190.71
IND-11775,2022-12-29,2022-12-30,Standard Class,Sneha Iyer,Consumer,Nagpur,Maharashtra,Technology,Accessories,2267.14,7,0.0,657.97
IND-11776,2022-07-01,2022-07-03,First Class,Arjun Sharma,Home Office,Bhopal,Madhya Pradesh,Furniture,Tables,3453.02,2,N/A,38.03
IND-11777,2021-10-04,2021-10-06,First Class,Rohit Yadav,Home Office,Agra,Uttar Pradesh,Furniture,Tables,1429.15,2,0.2,128.83
IND-11778,2023-04-04,2023-04-06,First Class,Manish Patel,Home Office,Udaipur,Rajasthan,Technology,Accessories,4480.17,2,0.2,537.1
IND-11779,2022-07-19,2022-07-21,Second Class,Vikas Yadav,Consumer,Mangalore,Karnataka,Furniture,Chairs,2153.26,6,0.4,-41.39
IND-11780,2021-11-20,2021-11-22,Second Class,Ritu Singh,Home Office,Surat,Gujarat,Office Supplies,Storage,2544.79,2,0.0,669.85
IND-11781,2021-12-31,2022-01-03,Second Class,Amit Mishra,Corporate,New Delhi,Delhi,Office Supplies,Art,2980.07,5,0.3,325.66
IND-11782,2021-09-27,2021-09-29,Same Day,Manish Joshi,Home Office,New Delhi,Delhi,Office Supplies,Binders,2902.21,3,0.3,330.32
IND-11783,2021-04-01,2021-04-05,Same Day,Ritu Agarwal,Corporate,Howrah,West Bengal,Technology,Accessories,3280.04,7,0.2,934.41
IND-11784,2023-03-12,2023-03-13,First Class,Sunita Tiwari,Consumer,Agra,Uttar Pradesh,Technology,Machines,1500.04,1,0.1,477.32
IND-11785,2021-01-16,2021-01-19,Standard Class,Vivek Jain,Home Office,Mysuru,Karnataka,Office Supplies,Labels,2427.0,8,0.2,55.31
IND-11786,2021-08-24,2021-08-27,Second Class,Deepak Saxena,Home Office,Jaipur,Rajasthan,Furniture,Tables,416.74,1,0.0,77.27
IND-11787,2022-03-26,2022-03-30,Standard Class,,Consumer,New Delhi,Delhi,Furniture,Bookcases,3655.52,5,0.4,593.61
IND-11788,2022-02-21,2022-02-23,Standard Class,Amit Saxena,Corporate,Bengaluru,Karnataka,Furniture,Bookcases,"3,318.42",4,0.1,725.87
IND-11789,2022-01-21,2022-01-25,Same Day,,Consumer,,West Bengal,Technology,Accessories,3866.87,4,0.0,562.24
IND-11790,2022-12-28,2022-12-30,Same Day,Rahul Sharma,Home Office,Coimbatore,Tamil Nadu,Technology,Accessories,1317.83,3,0.1,216.52
IND-11791,2023-04-10,2023-04-14,Same Day,Ritu Iyer,Consumer,Lucknow,  uttar pradesh  ,Technology,Accessories,3006.68,8,0.4,566.14
IND-11792,2022-10-04,2022-10-07,Same Day,,Home Office,Indore,Madhya Pradesh,Office Supplies,Storage,4285.76,7,0.0,659.57
IND-11793,2021-08-02,2021-08-06,Second Class,Manish Jain,Consumer,Howrah,West Bengal,Technology,Phones,3846.37,6,0.0,897.07
IND-11794,2022-05-05,2022-05-06,Second Class,Sneha Iyer,Home Office,Coimbatore,Tamil Nadu,Technology,Machines,3795.44,9,0.0,426.44
IND-11795,2021-08-17,2021-08-19,First Class,Deepak Patel,Home Office,Udaipur,Rajasthan,Office Supplies,Art,4347.88,9,0.1,324.53
IND-11796,2022-10-17,2022-10-19,Second Class,Amit Tiwari,Corporate,New Delhi,Delhi,Technology,Phones,2892.54,4,0.0,510.79
IND-11797,2021-01-09,2021-01-13,Same Day,Ankit Bansal,Consumer,Ahmedabad,Gujarat,Furniture,Chairs,2987.37,2,N/A,655.2
IND-11798,2021-04-03,2021-04-05,First Class,Arjun Singh,Corporate,New Delhi,Delhi,Technology,Phones,4115.91,1,0.2,948.19
IND-11799,2022-06-16,2022-06-19,Second Class,,Home Office,Surat,Gujarat,Furniture,Chairs,4980.98,5,0.1,1390.94
IND-11800,2022-10-06,2022-10-08,Second Class,Arjun Chauhan,Corporate,Howrah,West Bengal,Furniture,Chairs,4457.67,7,0.1,1364.18
IND-11801,2021-03-15,2021-03-19,First Class,Priya Mishra,Corporate,Coimbatore,Tamil Nadu,Furniture,Bookcases,4955.07,2,0.1,1333.96
IND-11802,2021-12-13,2021-12-15,Second Class,Deepak Verma,Corporate,Coimbatore,Tamil Nadu,Technology,Copiers,210.49,8,0.2,59.79
IND-11803,2022-10-26,2022-10-30,Second Class,Kiran Jain,Home Office,Surat,Gujarat,Furniture,Furnishings,2903.72,6,0.0,872.92
IND-11804,2022-11-15,2022-11-18,Second Class,Kavita Bansal,Corporate,Kolkata,West Bengal,Furniture,Tables,1413.04,7,0.2,416.06
IND-11805,2022-08-01,2022-08-02,Standard Class,Amit Jain,Consumer,New Delhi,Delhi,Office Supplies,Labels,2236.58,8,0.1,546.66
IND-11806,2023-03-27,2023-03-29,First Class,Rohit Singh,Corporate,New Delhi,Delhi,Furniture,Furnishings,1990.4,5,0.1,578.79
IND-11807,2021-01-24,2021-01-28,Second Class,Amit Mishra,Consumer,Nashik,Maharashtra,TECHNOLOGY,Machines,2716.72,1,0.3,95.02
IND-11808,2023-01-02,2023-01-03,Second Class,Manish Saxena,Home Office,Bhopal,Madhya Pradesh,Furniture,Bookcases,4544.85,4,0.2,477.31
IND-11809,2021-08-27,2021-08-30,Standard Class,Vikas Joshi,Corporate,Ahmedabad,Gujarat,Technology,Copiers,2722.71,9,0.2,686.68
IND-11810,2023-05-28,2023-05-30,Standard Class,Arjun Jain,Home Office,Vadodara,Gujarat,Technology,Phones,2051.53,4,0.4,300.51
IND-11811,2022-01-12,2022-01-15,First Class,Rohit Mishra,Corporate,Vadodara,Gujarat,Office Supplies,Paper,1721.09,7,0.1,201.93
IND-11812,2023-05-25,2023-05-26,Same Day,Neha Sharma,Consumer,Indore,Madhya Pradesh,Furniture,Furnishings,4146.67,3,0.0,784.19
IND-11813,2021-03-01,2021-03-04,Same Day,Arjun Mehta,Consumer,Madurai,Tamil Nadu,TECHNOLOGY,Copiers,2636.46,3,0.3,406.51
IND-11814,2022-12-24,2022-12-26,Same Day,Vikas Iyer,Home Office,Nashik,Maharashtra,Office Supplies,Art,3349.19,7,0.3,335.86
IND-11815,2021-06-09,2021-06-13,Second Class,,Home Office,Mangalore,Karnataka,Office Supplies,Storage,563.09,2,0.2,27.74
IND-11816,2021-03-26,2021-03-29,First Class,Anjali Bansal,Corporate,Ahmedabad,Gujarat,Office Supplies,Binders,3299.51,1,0.2,731.97
IND-11817,2023-02-11,2023-02-15,Second Class,Vivek Joshi,Home Office,Noida,Uttar Pradesh,Office Supplies,Paper,1984.58,7,0.0,782.33
IND-11818,2021-06-30,2021-07-01,Second Class,Vivek Joshi,Corporate,New Delhi,Delhi,Technology,Machines,2854.3,8,N/A,414.5
IND-11819,2023-05-23,2023-05-25,First Class,Anjali Iyer,Home Office,Surat,Gujarat,Furniture,Bookcases,3905.1,3,0.3,383.06
IND-11820,2021-02-09,2021-02-12,Standard Class,Arjun Saxena,Consumer,Mumbai,Maharashtra,Office Supplies,Binders,3056.37,4,0.0,1174.78
IND-11821,2021-04-01,2021-04-03,Same Day,Suresh Mehta,Corporate,Indore,Madhya Pradesh,Office Supplies,Binders,230.01,5,0.1,68.53
IND-11822,2022-07-21,2022-07-22,Same Day,Vikas Bansal,Consumer,Kanpur,Uttar Pradesh,Furniture,Chairs,223.68,8,0.3,12.35
IND-11823,2023-05-15,2023-05-17,Same Day,Nitin Kapoor,Corporate,Pune,Maharashtra,Office Supplies,Binders,2136.22,5,0.3,506.71
IND-11824,2022-03-14,2022-03-15,Same Day,Rohit Iyer,Consumer,Surat,Gujarat,Technology,Copiers,3866.56,4,0.3,675.2
IND-11825,2022-05-03,2022-05-06,Second Class,Suresh Agarwal,Corporate,Kolkata,West Bengal,Furniture,Furnishings,1603.22,5,0.3,-42.15
IND-11826,2022-09-23,2022-09-24,Standard Class,Rahul Kumar,Consumer,Kanpur,Uttar Pradesh,Technology,Accessories,3505.38,4,0.4,-137.66
IND-11827,2022-01-27,2022-01-28,Standard Class,Amit Verma,Consumer,Coimbatore,Tamil Nadu,Technology,Copiers,2219.51,5,0.0,264.35
IND-11828,2022-06-23,2022-06-27,Same Day,Sunita Chauhan,Consumer,Mysuru,Karnataka,FURNITURE,Bookcases,3441.05,3,0.1,643.09
IND-11829,2022-07-26,2022-07-29,Standard Class,Rahul Iyer,Corporate,Bengaluru,Karnataka,Technology,Machines,833.39,5,0.3,12.67
IND-11830,2021-10-30,2021-11-03,Same Day,Sneha Sharma,Home Office,Mysuru,Karnataka,OFFICE SUPPLIES,Paper,4831.83,6,0.4,24.14
IND-11831,2021-08-05,2021-08-07,Standard Class,Amit Gupta,Home Office,Coimbatore,Tamil Nadu,Furniture,Chairs,385.45,7,0.4,2.74
IND-11832,2021-08-08,2021-08-11,Second Class,Anjali Kapoor,Consumer,Pune,Maharashtra,Furniture,Furnishings,1602.69,3,0.2,211.59
IND-11833,2023-03-28,2023-04-01,First Class,Suresh Saxena,Home Office,Indore,Madhya Pradesh,Furniture,Furnishings,3031.92,2,0.4,215.12
IND-11834,2022-06-14,2022-06-15,Standard Class,Manish Chauhan,Consumer,Kolkata,West Bengal,Office Supplies,Storage,3098.64,2,0.4,-220.37
IND-11835,2022-02-18,2022-02-21,First Class,Vikas Agarwal,Corporate,Jaipur,Rajasthan,Technology,Machines,2228.6,7,0.1,192.31
IND-11836,17/03/2021,2021-03-21,Standard Class,Kavita Agarwal,Home Office,New Delhi,Delhi,Furniture,Furnishings,3741.78,1,0.4,728.56
IND-11837,2021-08-15,2021-08-17,Standard Class,Nitin Pandey,Home Office,Mysuru,Karnataka,Technology,Copiers,2433.87,6,0.3,73.66
IND-11838,2022-07-22,2022-07-24,Standard Class,Nitin Kapoor,Corporate,Coimbatore,Tamil Nadu,Technology,Machines,1440.7,9,0.1,375.43
IND-11839,2021-10-31,2021-11-03,Second Class,Vivek Chatterjee,Home Office,Jaipur,Rajasthan,Technology,Copiers,450.52,4,0.3,65.32
IND-11840,2022-12-12,2022-12-16,Same Day,Nitin Jain,Corporate,Howrah,West Bengal,Furniture,Chairs,2246.78,4,0.0,312.96
IND-11841,2023-04-18,2023-04-22,Second Class,Vikas Tiwari,Home Office,New Delhi,Delhi,Technology,Accessories,1351.69,9,0.0,225.54
IND-11842,2022-08-09,2022-08-13,Standard Class,Sneha Kapoor,Consumer,Vadodara,Gujarat,Technology,Machines,865.12,8,0.3,153.42
IND-11843,2022-09-25,2022-09-28,Standard Class,Arjun Singh,Home Office,Madurai,Tamil Nadu,Furniture,Bookcases,1762.06,5,0.0,348.53
IND-11844,2021-09-24,2021-09-25,Same Day,Neha Bansal,Home Office,New Delhi,Delhi,Furniture,Furnishings,1701.43,7,0.4,201.86
IND-11845,2022-08-13,2022-08-17,First Class,Pooja Joshi,Consumer,Mumbai,Maharashtra,OFFICE SUPPLIES,Labels,1445.41,4,0.3,-23.83
IND-11846,2021-11-07,2021-11-10,First Class,Pooja Tiwari,Corporate,Jaipur,Rajasthan,Office Supplies,Storage,3613.85,3,0.2,347.79
IND-11847,2021-09-12,2021-09-14,Second Class,Vikas Kapoor,Consumer,Mysuru,Karnataka,Furniture,Bookcases,2201.05,8,0.1,339.46
IND-11848,18/11/2021,2021-11-19,Second Class,Neha Jain,Corporate,New Delhi,Delhi,Office Supplies,Labels,3134.5,2,0.3,-79.97
IND-11849,2022-11-07,2022-11-10,Second Class,Pooja Chauhan,Consumer,Jaipur,Rajasthan,Technology,Accessories,4830.35,5,0.1,641.5
IND-11850,2022-10-08,2022-10-11,Second Class,Vikas Sharma,Corporate,Mysuru,Karnataka,Office Supplies,Art,1489.9,9,0.0,496.11
IND-11851,2021-05-13,2021-05-14,Second Class,Arjun Kapoor,Consumer,Noida,Uttar Pradesh,Technology,Phones,572.56,7,0.0,223.2
IND-11852,20/05/2021,2021-05-24,Same Day,Rahul Patel,Consumer,Vadodara,Gujarat,Technology,Accessories,856.63,4,0.2,105.12
IND-11853,2023-04-11,2023-04-15,Second Class,,Home Office,New Delhi,Delhi,Furniture,Tables,3367.78,7,0.2,446.89
IND-11854,2021-02-20,2021-02-21,Standard Class,Suresh Saxena,Consumer,Vadodara,Gujarat,Office Supplies,Storage,231.01,6,0.3,40.6
IND-11855,2021-02-18,2021-02-21,Second Class,Sunita Mishra,Corporate,Nagpur,Maharashtra,Office Supplies,Paper,4525.11,8,0.1,695.76
IND-11856,2021-10-02,2021-10-05,First Class,Anjali Chauhan,Corporate,Howrah,West Bengal,Technology,Accessories,2147.43,8,0.4,-30.78
IND-11857,2022-10-12,2022-10-14,First Class,Vikas Verma,Home Office,Lucknow,Uttar Pradesh,Furniture,Furnishings,3953.92,8,0.2,578.5
IND-11858,2021-05-13,2021-05-15,Second Class,Amit Jain,Consumer,Chennai,Tamil Nadu,Office Supplies,Paper,2125.55,5,0.3,138.23
IND-11859,2021-01-28,2021-02-01,Second Class,Anjali Singh,Corporate,Chennai,Tamil Nadu,Furniture,Chairs,1791.55,6,0.4,325.27
IND-11860,2021-07-09,2021-07-13,Standard Class,Priya Gupta,Consumer,Bhopal,Madhya Pradesh,Technology,Copiers,2670.29,5,0.3,108.43
IND-11861,2021-06-03,2021-06-04,Second Class,Sneha Chauhan,Home Office,Pune,Maharashtra,Technology,Copiers,2397.08,9,0.3,434.9
IND-11862,2021-05-11,2021-05-13,Standard Class,Vivek Pandey,Corporate,Indore,Madhya Pradesh,Technology,Machines,1128.35,9,0.2,250.55
IND-11863,2023-05-22,not available,First Class,Pooja Saxena,Home Office,New Delhi,Delhi,Office Supplies,Binders,4583.27,8,0.1,1321.07
IND-11864,2023-03-21,2023-03-22,Standard Class,Deepak Saxena,Consumer,Nashik,Maharashtra,Office Supplies,Labels,2466.54,2,0.1,484.59
IND-11865,2022-06-13,2022-06-16,Same Day,Anjali Kapoor,Home Office,Surat,Gujarat,Technology,Copiers,1168.6,8,0.1,296.44
IND-11866,2021-11-12,2021-11-16,Second Class,Ankit Chatterjee,Home Office,Lucknow,  uttar pradesh  ,Furniture,Bookcases,3227.77,4,0.2,545.36
IND-11867,2022-08-01,2022-08-02,Second Class,Vivek Chauhan,Corporate,,Karnataka,Furniture,Tables,1018.95,4,0.3,198.57
IND-11868,2023-03-24,2023-03-25,First Class,Rahul Mehta,Corporate,Noida,Uttar Pradesh,Furniture,Chairs,1258.68,3,0.0,488.99
IND-11869,2023-05-17,2023-05-18,First Class,Ritu Gupta,Consumer,Jaipur,Rajasthan,Office Supplies,Storage,1632.62,5,0.3,90.3
IND-11870,2023-06-05,2023-06-07,Second Class,Pooja Jain,Consumer,Kanpur,Uttar Pradesh,Technology,Accessories,2059.02,1,0.3,-97.26
IND-11871,2023-03-10,2023-03-13,First Class,Suresh Bansal,Home Office,,  west bengal  ,Technology,Machines,649.61,5,0.1,174.91
IND-11872,2021-10-30,2021-10-31,Second Class,Ankit Yadav,Corporate,Surat,  gujarat  ,Technology,Machines,698.42,2,0.0,200.04
IND-11873,2021-10-22,2021-10-24,Standard Class,,Consumer,Chennai,Tamil Nadu,Technology,Copiers,4930.45,5,N/A,1279.56
IND-11874,2023-01-01,2023-01-03,Second Class,Rahul Pandey,Consumer,Kolkata,West Bengal,Technology,Machines,4649.47,8,0.0,1018.3
IND-11875,2023-04-24,not available,Second Class,Rahul Bansal,Consumer,Howrah,West Bengal,Technology,Phones,3459.26,9,0.1,996.67
IND-11876,2021-03-09,2021-03-10,Standard Class,Vivek Agarwal,Consumer,Mysuru,Karnataka,Office Supplies,Paper,3199.21,9,0.2,822.23
IND-11877,30/11/2022,2022-12-03,Second Class,Ritu Jain,Consumer,Agra,Uttar Pradesh,Furniture,Tables,2816.99,7,0.1,440.72
IND-11878,2021-06-11,2021-06-12,Second Class,Deepak Chatterjee,Corporate,Agra,Uttar Pradesh,Furniture,Bookcases,605.8,7,0.0,131.68
IND-11879,2022-11-30,2022-12-02,Same Day,,Corporate,Udaipur,Rajasthan,Furniture,Furnishings,3393.42,6,0.1,908.35
IND-11880,2021-03-05,2021-03-06,Standard Class,Rohit Yadav,Consumer,Indore,Madhya Pradesh,Office Supplies,Paper,3263.81,3,0.0,1035.4
IND-11881,2022-01-14,2022-01-18,First Class,Pooja Chauhan,Home Office,Mumbai,Maharashtra,Furniture,Chairs,2691.82,7,0.4,432.62
IND-11882,2022-09-18,2022-09-20,Second Class,Ankit Saxena,Consumer,Vadodara,Gujarat,Office Supplies,Art,891.44,5,0.4,-62.08
IND-11883,2022-05-14,2022-05-18,Second Class,Arjun Bansal,Corporate,Mysuru,Karnataka,Office Supplies,Labels,4123.66,2,0.0,462.81
IND-11884,2022-10-17,2022-10-21,Second Class,Ankit Chauhan,Consumer,Surat,Gujarat,Office Supplies,Labels,4753.93,7,0.4,-118.21
IND-11885,2022-03-13,2022-03-17,Standard Class,Ritu Joshi,Corporate,Madurai,Tamil Nadu,Office Supplies,Labels,3502.89,1,0.3,170.77
IND-11886,2021-10-16,2021-10-20,Same Day,Manish Chauhan,Consumer,Jaipur,Rajasthan,Office Supplies,Storage,4415.0,3,0.3,52.14
IND-11887,2021-09-01,2021-09-02,First Class,Anjali Bansal,Corporate,Vadodara,Gujarat,Office Supplies,Binders,3496.97,2,0.2,344.72
IND-11888,2021-07-13,2021-07-14,Second Class,Sunita Agarwal,Corporate,Mumbai,Maharashtra,Technology,Machines,4504.06,4,0.4,-292.82
IND-11889,2021-06-14,2021-06-18,First Class,Arjun Mehta,Corporate,New Delhi,Delhi,Furniture,Tables,2275.05,9,0.2,369.19
IND-11890,2021-11-16,2021-11-19,Standard Class,Kavita Verma,Consumer,Kanpur,Uttar Pradesh,Technology,Phones,2838.24,7,0.0,1016.9
IND-11891,2022-02-13,2022-02-16,First Class,Deepak Tiwari,Corporate,Bhopal,Madhya Pradesh,Technology,Accessories,2479.94,7,0.4,-162.25
IND-11892,2022-02-14,not available,Second Class,Rahul Iyer,Consumer,New Delhi,Delhi,Furniture,Furnishings,3756.97,1,0.4,626.33
IND-11893,2021-10-04,2021-10-07,First Class,Neha Jain,Consumer,Mangalore,Karnataka,Office Supplies,Paper,542.07,5,0.3,-4.87
IND-11894,2022-05-16,2022-05-20,First Class,Rahul Tiwari,Home Office,Mysuru,Karnataka,Technology,Machines,3199.49,7,0.4,405.79
IND-11895,2021-01-22,2021-01-26,Same Day,Nitin Mehta,Home Office,Udaipur,Rajasthan,Furniture,Furnishings,4066.08,9,0.4,-344.41
IND-11896,2022-04-15,2022-04-19,First Class,Ritu Sharma,Home Office,Bengaluru,Karnataka,Technology,Copiers,2351.19,7,0.3,476.18
IND-11897,2022-09-22,2022-09-24,Standard Class,Vivek Jain,Home Office,Indore,Madhya Pradesh,Furniture,Bookcases,2899.19,5,0.2,25.92
IND-11898,2022-05-21,2022-05-22,First Class,Kiran Singh,Home Office,New Delhi,Delhi,Office Supplies,Storage,3491.45,6,0.4,-183.86
IND-11899,2021-04-29,2021-05-03,Standard Class,Kiran Jain,Consumer,Coimbatore,Tamil Nadu,Technology,Phones,3688.49,8,0.1,539.77
IND-11900,2023-02-22,2023-02-25,Same Day,Kiran Bansal,Consumer,Nagpur,Maharashtra,Office Supplies,Storage,3327.53,6,0.4,9.82
IND-11901,2023-03-06,2023-03-08,Second Class,Nitin Gupta,Corporate,Lucknow,Uttar Pradesh,Furniture,Tables,4962.96,1,0.3,-159.97
IND-11902,2023-06-05,2023-06-08,Second Class,Kiran Saxena,Consumer,Mysuru,Karnataka,Technology,Accessories,4249.57,9,0.3,658.66
IND-11903,2021-12-15,2021-12-17,Same Day,Arjun Chauhan,Home Office,Mumbai,Maharashtra,Technology,Copiers,2232.65,2,0.1,721.05
IND-11904,2022-07-20,2022-07-21,Second Class,Arjun Bansal,Consumer,Vadodara,Gujarat,Furniture,Chairs,4387.37,4,0.0,900.66
IND-11905,2022-01-20,2022-01-24,First Class,Arjun Tiwari,Consumer,Indore,Madhya Pradesh,Furniture,Furnishings,4663.96,6,0.0,893.21
IND-11906,2023-02-19,2023-02-22,Second Class,Nitin Kumar,Consumer,New Delhi,Delhi,Technology,Accessories,4089.73,5,0.2,450.53
IND-11907,2022-05-27,2022-05-29,Standard Class,Ankit Kapoor,Home Office,Pune,Maharashtra,Technology,Phones,2101.59,1,0.0,319.98
IND-11908,21/11/2022,2022-11-22,Standard Class,Nitin Sharma,Home Office,Mumbai,Maharashtra,Furniture,Chairs,3284.14,8,N/A,598.53
IND-11909,2021-03-07,2021-03-09,Standard Class,Rahul Pandey,Consumer,Lucknow,Uttar Pradesh,Office Supplies,Paper,1606.71,2,0.1,464.09
IND-11910,2023-05-20,2023-05-24,Standard Class,Sneha Singh,Home Office,Ahmedabad,Gujarat,Furniture,Chairs,3578.46,9,0.0,726.92
IND-11911,2022-10-11,2022-10-14,Same Day,Ankit Sharma,Home Office,Kanpur,Uttar Pradesh,Furniture,Bookcases,4141.05,8,0.4,419.47
IND-11912,2022-03-02,2022-03-04,Same Day,Suresh Agarwal,Home Office,Nashik,Maharashtra,Technology,Machines,2819.07,3,0.3,266.02
IND-11913,2021-04-25,2021-04-29,Standard Class,Priya Chatterjee,Home Office,Indore,Madhya Pradesh,Technology,Accessories,1735.89,1,0.0,584.61
IND-11914,2022-09-04,2022-09-06,Same Day,Sunita Saxena,Consumer,Udaipur,Rajasthan,Furniture,Chairs,4307.99,9,0.0,785.27
IND-11915,2022-08-25,2022-08-29,Second Class,Rohit Chatterjee,Consumer,Mangalore,Karnataka,Furniture,Chairs,4711.66,2,0.3,416.79
IND-11916,10/08/2022,2022-08-11,Second Class,Arjun Joshi,Consumer,New Delhi,Delhi,Furniture,Chairs,838.34,7,0.1,172.11
IND-11917,2021-03-30,2021-03-31,Second Class,Ankit Chatterjee,Consumer,Kolkata,  west bengal  ,Technology,Copiers,906.47,9,0.2,37.07
IND-11918,2021-04-07,2021-04-11,Same Day,Vivek Kumar,Consumer,Kolkata,West Bengal,Furniture,Furnishings,3591.58,6,0.4,383.95
IND-11919,2022-04-04,2022-04-08,Same Day,Sneha Verma,Consumer,Agra,Uttar Pradesh,Office Supplies,Labels,4665.67,1,0.4,-119.67
IND-11920,2021-09-18,2021-09-21,Same Day,Manish Mishra,Corporate,Jaipur,Rajasthan,Furniture,Tables,937.24,1,0.2,208.26
IND-11921,2022-03-25,2022-03-26,First Class,Suresh Tiwari,Home Office,Bengaluru,Karnataka,Office Supplies,Labels,3628.12,5,0.3,723.74
IND-11922,2022-04-12,2022-04-14,Second Class,Ritu Verma,Corporate,Vadodara,Gujarat,Furniture,Furnishings,3207.27,5,0.1,1075.69
IND-11923,2022-01-06,2022-01-07,Standard Class,Anjali Patel,Consumer,Mangalore,Karnataka,Furniture,Furnishings,4670.39,7,0.4,902.93
IND-11924,2022-06-21,2022-06-22,Standard Class,Kiran Patel,Consumer,Udaipur,Rajasthan,Technology,Machines,2936.83,6,0.3,10.77
IND-11925,2022-05-21,2022-05-25,Same Day,Kavita Jain,Home Office,Howrah,West Bengal,Office Supplies,Labels,4396.51,9,0.1,878.17
IND-11926,2021-04-26,2021-04-28,First Class,Rohit Joshi,Home Office,Coimbatore,Tamil Nadu,Office Supplies,Storage,1939.48,7,0.3,-30.37
IND-11927,2022-05-21,2022-05-24,First Class,Arjun Mishra,Corporate,Mysuru,Karnataka,Technology,Copiers,2136.94,5,0.1,182.07
IND-11928,2021-04-13,2021-04-16,Second Class,Rahul Jain,Corporate,Ahmedabad,Gujarat,Furniture,Furnishings,3547.25,3,0.2,555.32
IND-11929,2022-01-20,2022-01-24,Second Class,Anjali Gupta,Consumer,Udaipur,  rajasthan  ,Office Supplies,Storage,3776.41,4,0.4,-22.57
IND-11930,2021-11-17,2021-11-18,Standard Class,Vikas Pandey,Home Office,Howrah,West Bengal,Technology,Phones,777.51,4,0.1,103.33
IND-11931,2022-07-28,2022-07-31,First Class,Vivek Kumar,Home Office,Agra,Uttar Pradesh,Office Supplies,Storage,1693.27,6,0.3,355.27
IND-11932,2021-01-26,2021-01-29,Standard Class,Pooja Kapoor,Home Office,Madurai,Tamil Nadu,Technology,Machines,3286.31,8,0.3,307.66
IND-11933,2021-03-15,2021-03-16,First Class,Deepak Singh,Consumer,Noida,Uttar Pradesh,Furniture,Furnishings,262.07,2,N/A,85.75
IND-11934,2021-04-23,2021-04-25,Standard Class,Neha Saxena,Consumer,Surat,Gujarat,Technology,Accessories,2112.87,7,0.1,567.45
IND-11935,2021-10-21,2021-10-25,First Class,Priya Agarwal,Consumer,Indore,Madhya Pradesh,Technology,Accessories,4258.4,5,0.2,1143.53
IND-11936,2023-03-06,2023-03-09,Standard Class,Nitin Kapoor,Home Office,Noida,Uttar Pradesh,OFFICE SUPPLIES,Labels,1857.14,5,0.4,-144.65
IND-11937,2022-03-05,2022-03-09,Same Day,Nitin Bansal,Home Office,Coimbatore,Tamil Nadu,Furniture,Bookcases,1026.84,8,0.3,69.54
IND-11938,2021-11-16,2021-11-17,Same Day,Manish Iyer,Corporate,Agra,Uttar Pradesh,Office Supplies,Paper,1727.54,8,0.4,-23.79
IND-11939,2023-01-29,2023-02-01,Standard Class,Rahul Saxena,Corporate,New Delhi,Delhi,Furniture,Furnishings,236.9,2,0.1,28.13
IND-11940,2023-03-31,2023-04-01,Second Class,Kiran Tiwari,Corporate,Mangalore,Karnataka,Furniture,Tables,4014.78,3,0.1,1018.05
IND-11941,2022-07-30,2022-08-03,Standard Class,Vivek Sharma,Corporate,Bengaluru,Karnataka,Office Supplies,Paper,2501.38,8,0.0,832.57
IND-11942,2022-05-17,2022-05-20,Same Day,Arjun Patel,Consumer,Mangalore,Karnataka,Furniture,Chairs,1879.24,2,0.1,219.5
IND-11943,2023-02-17,2023-02-20,Standard Class,Pooja Agarwal,Consumer,Chennai,Tamil Nadu,Furniture,Bookcases,2035.49,1,0.3,-54.68
IND-11944,2022-02-08,2022-02-12,Standard Class,Rahul Patel,Corporate,Jaipur,Rajasthan,Technology,Copiers,541.81,6,0.2,42.84
IND-11945,2021-09-02,2021-09-04,First Class,Manish Gupta,Home Office,Kolkata,West Bengal,Office Supplies,Binders,2421.18,5,0.2,677.55
IND-11946,2021-10-21,2021-10-25,First Class,Ankit Jain,Home Office,Howrah,West Bengal,Technology,Phones,1947.99,4,0.2,510.34
IND-11947,2021-09-30,2021-10-03,Second Class,Neha Saxena,Home Office,Jaipur,Rajasthan,Technology,Phones,1526.39,1,0.4,-145.79
IND-11948,2021-07-07,2021-07-11,Standard Class,Neha Verma,Home Office,Kolkata,West Bengal,Technology,Accessories,2034.08,4,0.2,353.59
IND-11949,2021-10-05,2021-10-08,First Class,Kavita Chauhan,Home Office,Madurai,Tamil Nadu,Office Supplies,Art,730.56,8,0.3,2.42
IND-11950,2022-08-30,2022-09-03,Standard Class,,Corporate,Mysuru,Karnataka,Office Supplies,Labels,1581.86,7,0.1,213.88
IND-11951,2022-07-22,2022-07-24,Standard Class,Amit Pandey,Home Office,Vadodara,Gujarat,Furniture,Bookcases,3356.53,8,0.3,70.76
IND-11952,2022-08-05,2022-08-08,Same Day,Sunita Saxena,Corporate,Surat,Gujarat,Office Supplies,Labels,3122.22,4,0.1,540.05
IND-11953,2022-02-16,2022-02-19,Standard Class,Kiran Patel,Consumer,Madurai,Tamil Nadu,Technology,Machines,1113.05,7,0.4,52.07
IND-11954,2022-05-02,2022-05-05,First Class,Anjali Gupta,Home Office,Kolkata,West Bengal,Technology,Machines,2642.72,8,0.3,113.77
IND-11955,2022-01-25,2022-01-26,Second Class,Pooja Joshi,Corporate,Bhopal,Madhya Pradesh,Technology,Accessories,4781.32,9,0.1,736.12
IND-11956,2021-01-14,2021-01-15,First Class,Pooja Kapoor,Corporate,Chennai,Tamil Nadu,Furniture,Furnishings,2949.12,2,0.4,527.19
IND-11957,2021-05-12,2021-05-16,Standard Class,Ankit Mehta,Corporate,Noida,Uttar Pradesh,Office Supplies,Art,2037.3,2,0.1,368.43
IND-11958,2022-10-22,2022-10-25,Standard Class,Deepak Verma,Corporate,New Delhi,Delhi,Furniture,Furnishings,4446.72,4,0.4,-418.06
IND-11959,2021-08-25,2021-08-28,Same Day,Ankit Patel,Corporate,Chennai,Tamil Nadu,Furniture,Chairs,1899.56,4,0.3,272.95
IND-11960,2022-06-06,2022-06-08,Standard Class,Amit Iyer,Home Office,Noida,Uttar Pradesh,Office Supplies,Paper,251.98,3,0.3,5.26
IND-11961,2021-05-19,2021-05-23,Second Class,Vikas Yadav,Consumer,Indore,Madhya Pradesh,Furniture,Furnishings,3081.22,9,0.3,-94.51
IND-11962,2022-07-10,2022-07-13,First Class,Rohit Verma,Corporate,Jaipur,  rajasthan  ,Office Supplies,Binders,353.86,6,0.4,58.7
IND-11963,2023-01-13,2023-01-14,Same Day,Kiran Yadav,Home Office,New Delhi,Delhi,Office Supplies,Paper,4878.09,3,0.3,408.74
IND-11964,2022-04-01,2022-04-02,Second Class,Rahul Chauhan,Corporate,Bhopal,Madhya Pradesh,Furniture,Furnishings,2037.59,4,0.4,-193.31
IND-11965,02/12/2022,2022-12-06,Standard Class,Amit Verma,Corporate,Noida,  uttar pradesh  ,Office Supplies,Labels,1997.48,2,0.0,303.05
IND-11966,2022-05-08,2022-05-12,Standard Class,Ritu Chauhan,Home Office,New Delhi,Delhi,Technology,Phones,3786.86,5,0.1,248.48
IND-11967,2021-09-16,2021-09-20,Standard Class,Suresh Verma,Corporate,Indore,Madhya Pradesh,Technology,Accessories,475.02,3,0.1,24.73
IND-11968,2021-04-03,2021-04-06,Second Class,Amit Yadav,Home Office,Vadodara,Gujarat,Technology,Accessories,4000.83,5,0.1,853.17
IND-11969,2021-06-17,2021-06-20,First Class,Ritu Mehta,Corporate,Udaipur,Rajasthan,Technology,Accessories,3963.3,2,0.3,401.32
IND-11970,2021-09-06,2021-09-08,First Class,Manish Yadav,Corporate,Vadodara,Gujarat,Furniture,Bookcases,3840.26,9,0.2,975.92
IND-11971,2022-12-01,2022-12-02,Same Day,Arjun Kapoor,Consumer,Kolkata,West Bengal,Technology,Copiers,556.92,7,0.1,98.22
IND-11972,2022-06-09,2022-06-12,Standard Class,Ankit Sharma,Corporate,Madurai,Tamil Nadu,Technology,Machines,2183.29,9,0.1,512.03
IND-11973,2021-05-25,2021-05-27,Standard Class,Priya Sharma,Consumer,Udaipur,Rajasthan,Office Supplies,Labels,2502.11,3,0.4,279.65
IND-11974,2022-06-27,2022-06-28,First Class,Vivek Saxena,Home Office,Jaipur,Rajasthan,FURNITURE,Tables,1576.98,9,0.0,401.0
IND-11975,2021-12-13,2021-12-17,Same Day,Amit Pandey,Corporate,Mumbai,Maharashtra,Office Supplies,Art,3038.79,6,0.1,735.38
IND-11976,2022-03-11,2022-03-14,Same Day,Nitin Singh,Corporate,Howrah,West Bengal,Office Supplies,Paper,663.5,1,0.0,195.37
IND-11977,2022-10-11,2022-10-12,Second Class,Arjun Chauhan,Corporate,Surat,Gujarat,Furniture,Furnishings,1879.49,2,0.1,510.21
IND-11978,2021-10-02,2021-10-04,Second Class,Ritu Agarwal,Consumer,Lucknow,Uttar Pradesh,Technology,Phones,1150.75,5,0.4,-111.75
IND-11979,2021-04-09,2021-04-12,Second Class,Neha Joshi,Corporate,Noida,Uttar Pradesh,Office Supplies,Storage,1260.15,2,0.1,360.09
IND-11980,2021-08-04,2021-08-08,Same Day,Kavita Kumar,Corporate,Ahmedabad,Gujarat,Technology,Phones,665.87,8,0.4,34.23
IND-11981,2022-10-26,2022-10-30,Same Day,Amit Gupta,Consumer,Coimbatore,Tamil Nadu,Office Supplies,Art,3013.11,2,0.0,389.85
IND-11982,2021-01-04,2021-01-07,First Class,Vikas Agarwal,Consumer,Bhopal,Madhya Pradesh,Technology,Accessories,2094.45,7,0.4,-93.28
IND-11983,2022-12-27,2022-12-31,First Class,Arjun Jain,Corporate,Coimbatore,Tamil Nadu,Technology,Copiers,4562.67,9,0.4,-28.46
IND-11984,2022-11-30,2022-12-04,First Class,Anjali Singh,Consumer,Kolkata,West Bengal,Office Supplies,Paper,2227.74,1,0.0,622.4
IND-11985,2023-05-11,2023-05-15,Second Class,Suresh Chatterjee,Home Office,Chennai,Tamil Nadu,Technology,Phones,3186.46,4,0.2,388.0
IND-11986,2023-06-02,2023-06-04,Second Class,Rohit Tiwari,Corporate,Indore,Madhya Pradesh,Office Supplies,Binders,2056.04,2,0.2,494.89
IND-11987,2022-10-20,2022-10-21,Second Class,Kavita Iyer,Corporate,Mangalore,Karnataka,Technology,Copiers,3969.62,8,0.2,872.48
IND-11988,2022-11-21,2022-11-23,Second Class,Kavita Verma,Home Office,Howrah,West Bengal,Furniture,Furnishings,3330.19,2,0.3,266.18
IND-11989,2023-02-28,2023-03-02,First Class,Vivek Gupta,Home Office,Ahmedabad,Gujarat,Furniture,Tables,4634.62,1,0.1,424.74
IND-11990,2022-01-17,2022-01-20,Second Class,Kiran Chatterjee,Home Office,Coimbatore,Tamil Nadu,Furniture,Chairs,4975.3,9,0.0,1387.78
IND-11991,2022-05-21,2022-05-22,Second Class,Sunita Sharma,Corporate,Jaipur,Rajasthan,Office Supplies,Art,1531.91,5,0.2,370.1
IND-11992,2021-02-11,2021-02-15,Same Day,Neha Mishra,Corporate,Mysuru,Karnataka,Office Supplies,Paper,4077.67,9,0.1,1089.44
IND-11993,2023-03-25,2023-03-27,First Class,Amit Verma,Corporate,Bengaluru,Karnataka,Technology,Copiers,3875.17,6,0.3,395.45
IND-11994,2022-01-25,2022-01-26,Second Class,Sunita Gupta,Corporate,New Delhi,Delhi,Furniture,Chairs,4954.01,2,0.1,1157.51
IND-11995,2021-11-04,2021-11-06,First Class,Neha Gupta,Home Office,,Madhya Pradesh,Technology,Copiers,4047.32,7,0.0,828.52
IND-11996,2021-08-13,2021-08-16,Same Day,Priya Chatterjee,Corporate,New Delhi,Delhi,Technology,Machines,355.77,2,0.2,7.56
IND-11997,2021-10-18,2021-10-22,Second Class,Anjali Tiwari,Home Office,Agra,Uttar Pradesh,Office Supplies,Labels,225.22,8,0.0,77.96
IND-11998,2023-03-27,2023-03-28,Standard Class,Kiran Saxena,Consumer,Mysuru,Karnataka,Technology,Accessories,2279.8,5,0.4,98.54
IND-11999,2021-12-26,2021-12-27,Second Class,Manish Agarwal,Corporate,Mysuru,Karnataka,Furniture,Bookcases,2838.19,4,0.1,786.59
